date;category;value
2025-04-01;Строительство;1239.6848
2025-04-01;Услуги ЖКХ;1254.4097
2025-04-01;ИТ и связь;943.7189
2025-01-01;Операции с недвижимостью;414.88654
2025-01-01;ИТ и связь;850.69666
2025-01-01;Гостиницы и общепит;238.84758
2025-01-01;Транспортировка и хранение;2157.6619
2025-01-01;Строительство;908.2808
2025-01-01;Водоснабжение;192.65019
2025-01-01;Услуги ЖКХ;1643.0471
2025-01-01;Обрабатывающие производства;8268.756
2025-01-01;Добыча полезных ископаемых;3144.1077
2025-01-01;Сельское хозяйство;471.8653
2025-01-01;Розничная торговля;2298.427
2025-01-01;Оптовая торговля;9318.753
2025-01-01;Торговля автомобилями;869.21326
2024-12-01;Все отрасли;36759.84
2024-12-01;Спорт и досуг;109.4888
2024-12-01;Здравоохранение;398.67316
2024-12-01;Образование;107.65045
2024-12-01;Прочее;74.3176
2024-12-01;Административная деятельность;378.89682
2024-12-01;Научная и проф. деятельность;1833.7244
2024-12-01;Операции с недвижимостью;457.94763
2024-12-01;ИТ и связь;1649.0518
2024-12-01;Гостиницы и общепит;247.29068
2024-12-01;Транспортировка и хранение;2157.0046
2024-12-01;Строительство;1982.5961
2024-12-01;Водоснабжение;221.70049
2024-12-01;Услуги ЖКХ;1640.9688
2024-12-01;Обрабатывающие производства;9542.527
2024-12-01;Добыча полезных ископаемых;2840.4768
2024-12-01;Сельское хозяйство;660.7579
2024-12-01;Розничная торговля;2920.291
2024-12-01;Оптовая торговля;8319.243
2024-12-01;Торговля автомобилями;1217.2336
2024-11-01;Все отрасли;32441.582
2024-11-01;Спорт и досуг;89.8277
2024-11-01;Здравоохранение;327.85742
2024-11-01;Образование;92.6452
2024-11-01;Прочее;56.897537
2024-11-01;Административная деятельность;378.71765
2024-11-01;Научная и проф. деятельность;905.69006
2024-11-01;Операции с недвижимостью;421.72058
2024-11-01;ИТ и связь;959.7945
2024-11-01;Гостиницы и общепит;236.40158
2024-11-01;Транспортировка и хранение;2099.1162
2024-11-01;Строительство;1316.3434
2024-11-01;Водоснабжение;200.45709
2024-11-01;Услуги ЖКХ;1363.4491
2024-11-01;Обрабатывающие производства;8268.79
2024-11-01;Добыча полезных ископаемых;2921.4097
2024-11-01;Сельское хозяйство;594.8027
2024-11-01;Розничная торговля;2386.5488
2024-11-01;Оптовая торговля;8569.7295
2024-11-01;Торговля автомобилями;1251.3824
2024-10-01;Все отрасли;31889.158
2024-10-01;Спорт и досуг;98.953316
2024-10-01;Здравоохранение;355.08856
2024-10-01;Образование;89.2045
2024-10-01;Прочее;62.86777
2024-10-01;Административная деятельность;386.53052
2024-10-01;Научная и проф. деятельность;933.5674
2024-10-01;Операции с недвижимостью;450.22018
2024-10-01;ИТ и связь;884.04395
2024-10-01;Гостиницы и общепит;251.22974
2024-10-01;Транспортировка и хранение;2151.0796
2024-10-01;Строительство;1357.4551
2024-10-01;Водоснабжение;199.56708
2024-10-01;Услуги ЖКХ;1192.6008
2024-10-01;Обрабатывающие производства;8234.153
2024-10-01;Добыча полезных ископаемых;2687.1663
2024-10-01;Сельское хозяйство;602.87823
2024-10-01;Розничная торговля;2446.8828
2024-10-01;Оптовая торговля;8121.145
2024-10-01;Торговля автомобилями;1384.5253
2024-09-01;Все отрасли;31484.408
2024-09-01;ИТ и связь;1054.5452
2024-09-01;Строительство;1427.2559
2024-09-01;Услуги ЖКХ;972.62164
2024-09-01;Сельское хозяйство;580.3765
2024-09-01;Спорт и досуг;94.37144
2024-09-01;Здравоохранение;326.26184
2024-09-01;Образование;82.67589
2024-09-01;Прочее;52.519367
2024-09-01;Административная деятельность;365.43927
2024-09-01;Научная и проф. деятельность;772.13873
2024-09-01;Операции с недвижимостью;463.65112
2024-09-01;Гостиницы и общепит;249.10432
2024-09-01;Транспортировка и хранение;2135.6929
2024-09-01;Водоснабжение;209.70541
2024-09-01;Обрабатывающие производства;8046.2754
2024-09-01;Добыча полезных ископаемых;2867.8296
2024-09-01;Розничная торговля;2411.5818
2024-09-01;Оптовая торговля;8140.61
2024-09-01;Торговля автомобилями;1231.7511
2024-08-01;Спорт и досуг;88.63998
2024-08-01;Здравоохранение;340.2143
2024-08-01;Образование;64.84563
2024-08-01;Все отрасли;30449.566
2024-08-01;Прочее;51.72872
2024-08-01;Административная деятельность;350.37485
2024-08-01;Научная и проф. деятельность;785.1412
2024-08-01;Операции с недвижимостью;434.75128
2024-08-01;ИТ и связь;777.9529
2024-08-01;Гостиницы и общепит;253.93282
2024-08-01;Транспортировка и хранение;2103.7551
2024-08-01;Строительство;1212.7916
2024-08-01;Водоснабжение;203.93065
2024-08-01;Услуги ЖКХ;985.9417
2024-08-01;Обрабатывающие производства;7859.5073
2024-08-01;Добыча полезных ископаемых;2791.896
2024-08-01;Сельское хозяйство;495.60126
2024-08-01;Розничная торговля;2452.5967
2024-08-01;Оптовая торговля;8004.8096
2024-08-01;Торговля автомобилями;1191.1543
2024-07-01;Спорт и досуг;82.527855
2024-07-01;Здравоохранение;343.5045
2024-07-01;Образование;57.676052
2024-07-01;Все отрасли;30124.732
2024-07-01;Прочее;56.67877
2024-07-01;Административная деятельность;362.17752
2024-07-01;Научная и проф. деятельность;755.9243
2024-07-01;Операции с недвижимостью;468.487
2024-07-01;ИТ и связь;796.4877
2024-07-01;Гостиницы и общепит;248.73346
2024-07-01;Транспортировка и хранение;2044.1963
2024-07-01;Строительство;1210.5518
2024-07-01;Водоснабжение;203.3039
2024-07-01;Услуги ЖКХ;956.84735
2024-07-01;Обрабатывающие производства;7800.096
2024-07-01;Добыча полезных ископаемых;2828.6426
2024-07-01;Сельское хозяйство;441.43475
2024-07-01;Розничная торговля;2426.157
2024-07-01;Оптовая торговля;7863.218
2024-07-01;Торговля автомобилями;1178.088
2024-06-01;Спорт и досуг;109.282555
2024-06-01;Здравоохранение;336.1963
2024-06-01;Образование;73.00282
2024-06-01;Все отрасли;30036.805
2024-06-01;Прочее;62.43744
2024-06-01;Административная деятельность;396.60562
2024-06-01;Научная и проф. деятельность;938.9197
2024-06-01;Операции с недвижимостью;482.6107
2024-06-01;ИТ и связь;993.9601
2024-06-01;Гостиницы и общепит;241.48083
2024-06-01;Транспортировка и хранение;1999.2399
2024-06-01;Строительство;1254.8995
2024-06-01;Водоснабжение;197.65039
2024-06-01;Услуги ЖКХ;902.8207
2024-06-01;Обрабатывающие производства;7802.638
2024-06-01;Добыча полезных ископаемых;2657.9392
2024-06-01;Сельское хозяйство;441.26794
2024-06-01;Розничная торговля;2317.5942
2024-06-01;Оптовая торговля;7677.2695
2024-06-01;Торговля автомобилями;1150.9888
2024-05-01;Спорт и досуг;84.78798
2024-05-01;Здравоохранение;341.5172
2024-05-01;Образование;75.530304
2024-05-01;Все отрасли;29682.799
2024-05-01;Прочее;54.392002
2024-05-01;Административная деятельность;376.36765
2024-05-01;Научная и проф. деятельность;803.01904
2024-05-01;Операции с недвижимостью;495.0645
2024-05-01;ИТ и связь;753.1057
2024-05-01;Гостиницы и общепит;235.56229
2024-05-01;Транспортировка и хранение;1968.5138
2024-05-01;Строительство;1211.8528
2024-05-01;Водоснабжение;204.5097
2024-05-01;Услуги ЖКХ;980.71924
2024-05-01;Обрабатывающие производства;7717.2744
2024-05-01;Добыча полезных ископаемых;2753.8271
2024-05-01;Сельское хозяйство;479.17932
2024-05-01;Розничная торговля;2322.45
2024-05-01;Оптовая торговля;7693.9663
2024-05-01;Торговля автомобилями;1131.1604
2024-04-01;Спорт и досуг;78.85204
2024-04-01;Здравоохранение;340.10672
2024-04-01;Образование;78.52724
2024-04-01;Все отрасли;30028.104
2024-04-01;Прочее;50.557285
2024-04-01;Административная деятельность;367.08942
2024-04-01;Научная и проф. деятельность;794.7223
2024-04-01;Операции с недвижимостью;466.9281
2024-04-01;ИТ и связь;779.46716
2024-04-01;Гостиницы и общепит;231.35626
2024-04-01;Транспортировка и хранение;1943.7573
2024-04-01;Строительство;1188.7935
2024-04-01;Водоснабжение;191.51631
2024-04-01;Услуги ЖКХ;1129.6489
2024-04-01;Обрабатывающие производства;7661.67
2024-04-01;Добыча полезных ископаемых;2913.7312
2024-04-01;Сельское хозяйство;508.75854
2024-04-01;Розничная торговля;2338.758
2024-04-01;Оптовая торговля;7799.049
2024-04-01;Торговля автомобилями;1164.8136
2024-03-01;Спорт и досуг;96.84001
2024-03-01;Здравоохранение;341.54147
2024-03-01;Образование;81.21126
2024-03-01;Все отрасли;30960.084
2024-03-01;Прочее;62.28569
2024-03-01;Административная деятельность;365.60428
2024-03-01;Научная и проф. деятельность;900.8023
2024-03-01;Операции с недвижимостью;436.676
2024-03-01;ИТ и связь;875.8339
2024-03-01;Гостиницы и общепит;250.73083
2024-03-01;Транспортировка и хранение;1942.6217
2023-12-01;Административная деятельность;303.06766
2023-12-01;Научная и проф. деятельность;1891.0284
2023-12-01;Операции с недвижимостью;488.1615
2023-12-01;ИТ и связь;1360.8412
2023-12-01;Гостиницы и общепит;210.04819
2023-12-01;Транспортировка и хранение;1919.348
2023-12-01;Строительство;1790.0522
2023-12-01;Водоснабжение;215.58649
2023-12-01;Услуги ЖКХ;1447.1019
2023-12-01;Обрабатывающие производства;8353.835
2023-12-01;Добыча полезных ископаемых;2781.4265
2023-12-01;Сельское хозяйство;607.16486
2023-12-01;Розничная торговля;2646.298
2023-12-01;Оптовая торговля;8738.9
2023-12-01;Торговля автомобилями;1050.192
2023-11-01;Спорт и досуг;61.60753
2023-11-01;Здравоохранение;407.54724
2023-11-01;Образование;81.904076
2023-11-01;Все отрасли;29317.703
2023-11-01;Прочее;54.21717
2023-11-01;Административная деятельность;278.22467
2023-11-01;Научная и проф. деятельность;991.0184
2023-11-01;Операции с недвижимостью;393.6201
2023-11-01;ИТ и связь;785.2957
2023-11-01;Гостиницы и общепит;197.43388
2023-11-01;Транспортировка и хранение;1762.6714
2023-11-01;Строительство;1227.4469
2023-11-01;Водоснабжение;177.89906
2023-11-01;Услуги ЖКХ;1223.2622
2023-11-01;Обрабатывающие производства;7531.6885
2023-11-01;Добыча полезных ископаемых;2736.8413
2023-11-01;Сельское хозяйство;535.2094
2023-11-01;Розничная торговля;2181.7966
2023-11-01;Оптовая торговля;7676.3203
2023-11-01;Торговля автомобилями;1013.69904
2023-10-01;Спорт и досуг;57.703133
2023-10-01;Здравоохранение;376.79028
2023-10-01;Образование;80.06459
2023-10-01;Все отрасли;29805.55
2023-10-01;Прочее;52.72575
2023-10-01;Административная деятельность;272.1029
2023-10-01;Научная и проф. деятельность;841.97473
2023-10-01;Операции с недвижимостью;412.04898
2023-10-01;ИТ и связь;724.5059
2023-10-01;Гостиницы и общепит;203.81418
2023-10-01;Транспортировка и хранение;1830.2997
2023-10-01;Строительство;1221.9583
2023-10-01;Водоснабжение;183.58087
2023-10-01;Услуги ЖКХ;1067.1233
2023-10-01;Обрабатывающие производства;7628.899
2023-10-01;Добыча полезных ископаемых;3180.3787
2023-10-01;Сельское хозяйство;551.322
2023-10-01;Розничная торговля;2204.7368
2023-10-01;Оптовая торговля;7806.371
2023-10-01;Торговля автомобилями;1109.1508
2023-09-01;Спорт и досуг;68.87965
2023-09-01;Здравоохранение;357.5162
2023-09-01;Образование;78.749214
2023-09-01;Все отрасли;29191.008
2023-09-01;Прочее;54.371243
2023-09-01;Административная деятельность;297.90884
2023-09-01;Научная и проф. деятельность;895.62866
2023-09-01;Операции с недвижимостью;392.75455
2023-09-01;ИТ и связь;827.3828
2023-09-01;Гостиницы и общепит;210.69246
2023-09-01;Транспортировка и хранение;1820.2568
2023-09-01;Строительство;1304.296
2023-09-01;Водоснабжение;183.72127
2023-09-01;Услуги ЖКХ;894.5477
2023-09-01;Обрабатывающие производства;7526.5786
2023-09-01;Добыча полезных ископаемых;2954.8777
2023-09-01;Сельское хозяйство;526.3467
2023-09-01;Розничная торговля;2135.7722
2023-09-01;Оптовая торговля;7584.992
2023-09-01;Торговля автомобилями;1075.7341
2023-08-01;Спорт и досуг;56.809277
2023-08-01;Здравоохранение;366.4016
2023-08-01;Образование;56.996296
2023-08-01;Все отрасли;27961.484
2023-08-01;Прочее;50.51337
2023-08-01;Административная деятельность;272.84747
2023-08-01;Научная и проф. деятельность;740.01685
2023-08-01;Операции с недвижимостью;403.90985
2023-08-01;ИТ и связь;617.3087
2023-08-01;Гостиницы и общепит;207.26523
2023-08-01;Транспортировка и хранение;1859.1848
2023-08-01;Строительство;1150.4346
2023-08-01;Водоснабжение;176.47533
2023-08-01;Услуги ЖКХ;868.0568
2023-08-01;Обрабатывающие производства;7174.756
2023-08-01;Добыча полезных ископаемых;2857.4885
2023-08-01;Сельское хозяйство;460.9857
2023-08-01;Розничная торговля;2181.655
2023-08-01;Оптовая торговля;7378.2256
2023-08-01;Торговля автомобилями;1082.154
2023-07-01;Спорт и досуг;55.635902
2023-07-01;Здравоохранение;367.98868
2023-07-01;Образование;48.203827
2023-07-01;Все отрасли;25873.008
2023-07-01;Прочее;54.559856
2023-07-01;Административная деятельность;267.5585
2023-07-01;Научная и проф. деятельность;712.4671
2023-07-01;Операции с недвижимостью;372.29068
2023-07-01;ИТ и связь;594.1652
2023-07-01;Гостиницы и общепит;200.06589
2023-07-01;Транспортировка и хранение;1799.8999
2023-07-01;Строительство;1116.6162
2023-07-01;Водоснабжение;169.42725
2023-07-01;Услуги ЖКХ;844.69147
2023-07-01;Обрабатывающие производства;6578.0337
2023-07-01;Добыча полезных ископаемых;2435.4749
2023-07-01;Сельское хозяйство;396.19522
2023-07-01;Розничная торговля;2104.753
2023-07-01;Оптовая торговля;6786.354
2023-07-01;Торговля автомобилями;968.6269
2023-06-01;Спорт и досуг;73.22116
2023-06-01;Здравоохранение;371.25635
2023-06-01;Образование;67.337746
2023-06-01;Все отрасли;25785.166
2023-06-01;Прочее;67.29175
2023-06-01;Административная деятельность;291.6079
2023-06-01;Научная и проф. деятельность;825.50806
2023-06-01;Операции с недвижимостью;389.9299
2023-06-01;ИТ и связь;707.7241
2023-06-01;Гостиницы и общепит;209.0563
2023-06-01;Транспортировка и хранение;1736.3436
2023-06-01;Строительство;1147.6964
2023-06-01;Водоснабжение;172.46094
2023-06-01;Услуги ЖКХ;852.50275
2023-06-01;Обрабатывающие производства;6552.2964
2023-06-01;Добыча полезных ископаемых;2148.0962
2023-06-01;Сельское хозяйство;385.07367
2023-06-01;Розничная торговля;2024.7771
2023-06-01;Оптовая торговля;6882.514
2023-06-01;Торговля автомобилями;880.4725
2023-05-01;Спорт и досуг;54.43085
2023-05-01;Здравоохранение;364.5471
2023-05-01;Образование;66.88214
2023-05-01;Все отрасли;24427.793
2023-05-01;Прочее;41.946312
2023-05-01;Административная деятельность;254.92038
2023-05-01;Научная и проф. деятельность;672.67224
2023-05-01;Операции с недвижимостью;361.56732
2023-05-01;ИТ и связь;575.3427
2023-05-01;Гостиницы и общепит;199.24246
2023-05-01;Транспортировка и хранение;1676.4148
2023-05-01;Строительство;1055.8748
2023-05-01;Водоснабжение;171.49536
2023-05-01;Услуги ЖКХ;930.0025
2023-05-01;Обрабатывающие производства;6192.2275
2023-05-01;Добыча полезных ископаемых;2120.6763
2023-05-01;Сельское хозяйство;410.49448
2023-05-01;Розничная торговля;2010.582
2023-05-01;Оптовая торговля;6471.9673
2023-05-01;Торговля автомобилями;796.5061
2023-04-01;Спорт и досуг;54.109257
2023-04-01;Здравоохранение;356.1874
2023-04-01;Образование;67.974464
2023-04-01;Все отрасли;24560.451
2023-04-01;Прочее;43.743473
2023-04-01;Административная деятельность;245.82068
2023-04-01;Научная и проф. деятельность;672.1471
2023-04-01;Операции с недвижимостью;369.28604
2023-04-01;ИТ и связь;581.75586
2023-04-01;Гостиницы и общепит;192.50243
2023-04-01;Транспортировка и хранение;1649.5172
2023-04-01;Строительство;1033.0458
2023-04-01;Водоснабжение;176.90439
2023-04-01;Услуги ЖКХ;1096.4032
2023-04-01;Обрабатывающие производства;6032.9985
2023-04-01;Добыча полезных ископаемых;2241.7961
2023-04-01;Сельское хозяйство;433.2284
2023-04-01;Розничная торговля;1948.54
2023-04-01;Оптовая торговля;6559.642
2023-04-01;Торговля автомобилями;804.84845
2023-03-01;Спорт и досуг;65.16782
2023-03-01;Здравоохранение;354.46872
2023-03-01;Образование;74.71622
2023-03-01;Все отрасли;25284.178
2023-03-01;Прочее;48.091496
2023-03-01;Административная деятельность;271.93304
2023-03-01;Научная и проф. деятельность;727.37854
2023-03-01;Операции с недвижимостью;387.5375
2023-03-01;ИТ и связь;636.26666
2023-03-01;Гостиницы и общепит;196.80003
2023-03-01;Транспортировка и хранение;1671.1371
2023-03-01;Строительство;932.5623
2023-03-01;Водоснабжение;162.51059
2023-03-01;Услуги ЖКХ;1255.2196
2023-03-01;Обрабатывающие производства;6076.833
2023-03-01;Добыча полезных ископаемых;2017.5526
2023-03-01;Сельское хозяйство;462.23352
2023-03-01;Розничная торговля;1982.3833
2023-03-01;Оптовая торговля;7186.248
2023-03-01;Торговля автомобилями;775.13763
2023-02-01;Спорт и досуг;49.835083
2023-02-01;Здравоохранение;323.55118
2023-02-01;Образование;69.37327
2023-02-01;Все отрасли;21723.516
2023-02-01;Прочее;37.02206
2023-02-01;Административная деятельность;232.51015
2023-02-01;Научная и проф. деятельность;507.26138
2025-07-01;Все отрасли;31052.037
2025-07-01;Спорт и досуг;120.239975
2025-07-01;Здравоохранение;310.06467
2025-07-01;Образование;75.20126
2025-07-01;Прочее;70.62327
2025-07-01;Административная деятельность;413.64267
2025-07-01;Научная и проф. деятельность;1078.7827
2025-07-01;Операции с недвижимостью;450.22122
2025-07-01;ИТ и связь;914.137
2025-07-01;Гостиницы и общепит;270.47287
2025-07-01;Транспортировка и хранение;2237.3318
2025-07-01;Строительство;1316.6212
2025-07-01;Водоснабжение;193.71117
2025-07-01;Услуги ЖКХ;1070.7521
2025-07-01;Обрабатывающие производства;8087.285
2025-07-01;Добыча полезных ископаемых;2370.3103
2025-07-01;Сельское хозяйство;471.94516
2025-07-01;Розничная торговля;2626.1218
2025-07-01;Оптовая торговля;8024.697
2025-07-01;Торговля автомобилями;949.8765
2025-06-01;Все отрасли;30519.992
2025-06-01;Спорт и досуг;95.76776
2025-06-01;Здравоохранение;326.31583
2025-06-01;Образование;74.81251
2025-06-01;Прочее;64.91728
2025-06-01;Административная деятельность;388.6845
2025-06-01;Научная и проф. деятельность;772.5217
2025-06-01;Операции с недвижимостью;435.68756
2025-06-01;ИТ и связь;1135.9042
2025-06-01;Гостиницы и общепит;268.5882
2025-06-01;Транспортировка и хранение;2123.3542
2025-06-01;Строительство;1391.8784
2025-06-01;Водоснабжение;195.03682
2025-06-01;Услуги ЖКХ;997.16003
2025-06-01;Обрабатывающие производства;7952.502
2025-06-01;Добыча полезных ископаемых;2319.7913
2025-06-01;Сельское хозяйство;454.99152
2025-06-01;Розничная торговля;2623.0376
2025-06-01;Оптовая торговля;8023.3413
2025-06-01;Торговля автомобилями;875.6988
2025-05-01;Все отрасли;31453.668
2025-05-01;Спорт и досуг;97.47306
2025-05-01;Здравоохранение;322.86447
2025-05-01;Образование;101.0218
2025-05-01;Прочее;57.514454
2025-05-01;Административная деятельность;371.32602
2025-05-01;Научная и проф. деятельность;914.8805
2025-05-01;Операции с недвижимостью;437.06558
2025-05-01;ИТ и связь;858.34985
2025-05-01;Гостиницы и общепит;262.94836
2025-05-01;Транспортировка и хранение;2166.8667
2025-05-01;Строительство;1327.2458
2025-05-01;Водоснабжение;192.8499
2025-05-01;Услуги ЖКХ;1060.3439
2025-05-01;Обрабатывающие производства;8081.0835
2025-05-01;Добыча полезных ископаемых;2498.075
2025-05-01;Сельское хозяйство;498.30536
2025-05-01;Розничная торговля;2665.1868
2025-05-01;Оптовая торговля;8371.454
2025-05-01;Торговля автомобилями;1168.8116
2025-04-01;Все отрасли;28313.264
2025-04-01;Спорт и досуг;118.54772
2025-04-01;Здравоохранение;337.53632
2025-04-01;Образование;93.96188
2025-04-01;Прочее;66.18301
2025-04-01;Административная деятельность;375.4787
2025-04-01;Научная и проф. деятельность;919.02856
2025-04-01;Операции с недвижимостью;462.27692
2025-04-01;Гостиницы и общепит;251.08736
2025-04-01;Транспортировка и хранение;2162.321
2025-04-01;Водоснабжение;177.79466
2025-04-01;Обрабатывающие производства;8113.5913
2025-04-01;Добыча полезных ископаемых;2639.4482
2025-04-01;Сельское хозяйство;543.73785
2025-04-01;Розничная торговля;2538.1218
2025-04-01;Оптовая торговля;8472.701
2025-04-01;Торговля автомобилями;1041.4467
2025-03-01;Все отрасли;30041.62
2025-03-01;Спорт и досуг;95.128624
2025-03-01;Здравоохранение;309.49844
2025-03-01;Образование;90.657974
2025-03-01;Прочее;56.639545
2025-03-01;Административная деятельность;330.47125
2025-03-01;Научная и проф. деятельность;718.31354
2025-03-01;Операции с недвижимостью;446.57858
2025-03-01;ИТ и связь;1029.088
2025-03-01;Гостиницы и общепит;244.93524
2025-03-01;Транспортировка и хранение;2044.437
2025-03-01;Строительство;1152.1237
2025-03-01;Водоснабжение;176.96646
2025-03-01;Услуги ЖКХ;1448.4755
2025-03-01;Обрабатывающие производства;7404.6016
2025-03-01;Добыча полезных ископаемых;2607.228
2025-03-01;Сельское хозяйство;575.86334
2025-03-01;Розничная торговля;2592.175
2025-03-01;Оптовая торговля;7817.658
2025-03-01;Торговля автомобилями;900.7801
2025-02-01;Все отрасли;30792.814
2025-02-01;Спорт и досуг;105.48945
2025-02-01;Здравоохранение;330.77783
2025-02-01;Образование;104.05655
2025-02-01;Прочее;62.992
2025-02-01;Административная деятельность;370.33466
2025-02-01;Научная и проф. деятельность;766.55963
2025-02-01;Операции с недвижимостью;417.43115
2025-02-01;ИТ и связь;1178.9766
2025-02-01;Гостиницы и общепит;232.14413
2025-02-01;Транспортировка и хранение;2175.9006
2025-02-01;Строительство;989.0722
2025-02-01;Водоснабжение;191.53017
2025-02-01;Услуги ЖКХ;1588.1049
2025-02-01;Обрабатывающие производства;7488.345
2025-02-01;Добыча полезных ископаемых;3096.346
2025-02-01;Сельское хозяйство;520.87616
2025-02-01;Розничная торговля;2407.868
2025-02-01;Оптовая торговля;7959.35
2025-02-01;Торговля автомобилями;806.6596
2025-01-01;Все отрасли;32516.217
2025-01-01;Спорт и досуг;102.7931
2025-01-01;Здравоохранение;300.74908
2025-01-01;Образование;95.3603
2025-01-01;Прочее;48.394012
2025-01-01;Административная деятельность;418.75067
2025-01-01;Научная и проф. деятельность;772.9765
2023-02-01;Операции с недвижимостью;358.69626
2023-02-01;ИТ и связь;500.54874
2022-04-01;Здравоохранение;354.99576
2022-04-01;Образование;64.101715
2022-04-01;Все отрасли;24754.97
2022-04-01;Прочее;50.59806
2022-04-01;Административная деятельность;203.10861
2022-04-01;Научная и проф. деятельность;546.74786
2022-04-01;Операции с недвижимостью;363.99185
2022-04-01;ИТ и связь;523.8194
2022-04-01;Гостиницы и общепит;140.51967
2022-04-01;Транспортировка и хранение;1428.5499
2022-04-01;Строительство;844.7251
2022-04-01;Водоснабжение;157.72098
2022-04-01;Услуги ЖКХ;1001.41705
2022-04-01;Обрабатывающие производства;5978.66
2022-04-01;Добыча полезных ископаемых;2668.2417
2022-04-01;Сельское хозяйство;428.28043
2022-04-01;Розничная торговля;1835.4677
2022-04-01;Оптовая торговля;7521.6216
2022-04-01;Торговля автомобилями;590.99146
2022-03-01;Спорт и досуг;56.32296
2022-03-01;Здравоохранение;381.222
2022-03-01;Образование;66.32001
2022-03-01;Все отрасли;28224.064
2022-03-01;Прочее;67.15639
2022-03-01;Административная деятельность;210.97218
2022-03-01;Научная и проф. деятельность;663.0998
2022-03-01;Операции с недвижимостью;392.44913
2022-03-01;ИТ и связь;633.6946
2022-03-01;Гостиницы и общепит;152.97832
2022-03-01;Транспортировка и хранение;1480.7551
2022-03-01;Строительство;806.6497
2022-03-01;Водоснабжение;171.45403
2022-03-01;Услуги ЖКХ;1140.4697
2022-03-01;Обрабатывающие производства;6971.6353
2022-03-01;Добыча полезных ископаемых;3621.7136
2022-03-01;Сельское хозяйство;469.85422
2022-03-01;Розничная торговля;2076.3926
2022-03-01;Оптовая торговля;8073.693
2022-03-01;Торговля автомобилями;787.2318
2022-02-01;Спорт и досуг;42.97854
2022-02-01;Здравоохранение;303.16443
2022-02-01;Образование;65.50948
2022-02-01;Все отрасли;23688.26
2022-02-01;Прочее;41.665737
2022-02-01;Административная деятельность;215.45174
2022-02-01;Научная и проф. деятельность;540.22504
2022-02-01;Операции с недвижимостью;346.40707
2022-02-01;ИТ и связь;490.06985
2022-02-01;Гостиницы и общепит;155.8365
2022-02-01;Транспортировка и хранение;1408.2249
2022-02-01;Строительство;672.53375
2022-02-01;Водоснабжение;143.93434
2022-02-01;Услуги ЖКХ;1137.5214
2022-02-01;Обрабатывающие производства;5768.46
2022-02-01;Добыча полезных ископаемых;2748.8262
2022-02-01;Сельское хозяйство;388.12897
2022-02-01;Розничная торговля;1700.2769
2022-02-01;Оптовая торговля;6662.9517
2022-02-01;Торговля автомобилями;856.09393
2022-01-01;Спорт и досуг;50.404125
2022-01-01;Здравоохранение;252.48288
2022-01-01;Образование;56.603035
2022-01-01;Все отрасли;22754.43
2022-01-01;Прочее;44.06113
2022-01-01;Административная деятельность;217.45053
2022-01-01;Научная и проф. деятельность;501.89383
2022-01-01;Операции с недвижимостью;338.56116
2022-01-01;ИТ и связь;487.16376
2022-01-01;Гостиницы и общепит;164.91411
2022-01-01;Транспортировка и хранение;1385.3809
2022-01-01;Строительство;560.35034
2022-01-01;Водоснабжение;136.44466
2022-01-01;Услуги ЖКХ;1197.9337
2022-01-01;Обрабатывающие производства;5440.4717
2022-01-01;Добыча полезных ископаемых;2654.884
2022-01-01;Сельское хозяйство;360.55298
2022-01-01;Розничная торговля;1719.3038
2022-01-01;Оптовая торговля;6486.356
2022-01-01;Торговля автомобилями;699.2165
2021-12-01;Спорт и досуг;71.581314
2021-12-01;Здравоохранение;571.3952
2021-12-01;Образование;91.24144
2021-12-01;Все отрасли;30135.123
2021-12-01;Прочее;70.81597
2021-12-01;Административная деятельность;247.55128
2021-12-01;Научная и проф. деятельность;1478.1659
2021-12-01;Операции с недвижимостью;445.56064
2021-12-01;ИТ и связь;910.53253
2021-12-01;Гостиницы и общепит;186.19725
2021-12-01;Транспортировка и хранение;1548.9983
2021-12-01;Строительство;1513.0254
2021-12-01;Водоснабжение;174.79237
2021-12-01;Услуги ЖКХ;1236.4366
2021-12-01;Обрабатывающие производства;7429.206
2021-12-01;Добыча полезных ископаемых;2464.098
2021-12-01;Сельское хозяйство;508.1309
2021-12-01;Розничная торговля;2330.9133
2021-12-01;Оптовая торговля;7907.8677
2021-12-01;Торговля автомобилями;948.6125
2021-11-01;Спорт и досуг;50.865276
2021-11-01;Здравоохранение;347.18024
2021-11-01;Образование;64.8509
2021-11-01;Все отрасли;24876.4
2021-11-01;Прочее;39.180492
2021-11-01;Административная деятельность;210.17397
2021-11-01;Научная и проф. деятельность;769.3828
2021-11-01;Операции с недвижимостью;357.64005
2021-11-01;ИТ и связь;528.9834
2021-11-01;Гостиницы и общепит;154.39114
2021-11-01;Транспортировка и хранение;1403.779
2021-11-01;Строительство;977.947
2021-11-01;Водоснабжение;154.90894
2021-11-01;Услуги ЖКХ;1077.9524
2021-11-01;Обрабатывающие производства;6154.893
2021-11-01;Добыча полезных ископаемых;2493.1033
2021-11-01;Сельское хозяйство;457.67105
2021-11-01;Розничная торговля;1849.4777
2021-11-01;Оптовая торговля;6955.3384
2021-11-01;Торговля автомобилями;828.681
2021-10-01;Спорт и досуг;51.3
2021-10-01;Здравоохранение;341.6
2021-10-01;Образование;64.4
2021-10-01;Все отрасли;24485.1
2021-10-01;Прочее;51.3
2021-10-01;Административная деятельность;217.9
2021-10-01;Научная и проф. деятельность;684.2
2021-10-01;Операции с недвижимостью;338.2
2021-10-01;ИТ и связь;508.3
2021-10-01;Гостиницы и общепит;172.5
2021-10-01;Транспортировка и хранение;1432.2
2021-10-01;Строительство;980.3
2021-10-01;Водоснабжение;149.8
2021-10-01;Услуги ЖКХ;966.7
2021-10-01;Обрабатывающие производства;6005
2021-10-01;Добыча полезных ископаемых;2467.1
2021-10-01;Сельское хозяйство;498.8
2021-10-01;Розничная торговля;1869.2
2021-10-01;Оптовая торговля;6826.9
2021-10-01;Торговля автомобилями;859.4
2021-09-01;Спорт и досуг;54.8
2021-09-01;Здравоохранение;336.7
2021-09-01;Образование;71.7
2021-09-01;Все отрасли;23708.9
2021-09-01;Прочее;69.9
2021-09-01;Административная деятельность;222.3
2021-09-01;Научная и проф. деятельность;738.3
2021-09-01;Операции с недвижимостью;347.6
2021-09-01;ИТ и связь;552.1
2021-09-01;Гостиницы и общепит;182.4
2021-09-01;Транспортировка и хранение;1431.3
2021-09-01;Строительство;1053.7
2021-09-01;Водоснабжение;151.6
2021-09-01;Услуги ЖКХ;817.2
2021-09-01;Обрабатывающие производства;5716.9
2021-09-01;Добыча полезных ископаемых;2198.7
2021-09-01;Сельское хозяйство;448.5
2021-09-01;Розничная торговля;1817.2
2021-09-01;Оптовая торговля;6599.8
2021-09-01;Торговля автомобилями;898.2
2021-08-01;Спорт и досуг;46.515686
2021-08-01;Здравоохранение;360.1905
2021-08-01;Образование;48.95572
2021-08-01;Все отрасли;22409.07
2021-08-01;Прочее;53.396458
2021-08-01;Административная деятельность;204.50346
2021-08-01;Научная и проф. деятельность;581.2266
2021-08-01;Операции с недвижимостью;336.42056
2021-08-01;ИТ и связь;461.44052
2021-08-01;Гостиницы и общепит;177.4073
2021-08-01;Транспортировка и хранение;1392.7793
2021-08-01;Строительство;872.83936
2021-08-01;Водоснабжение;147.23772
2021-08-01;Услуги ЖКХ;757.79785
2021-08-01;Обрабатывающие производства;5458.285
2021-08-01;Добыча полезных ископаемых;2109.3457
2021-08-01;Сельское хозяйство;378.29135
2021-08-01;Розничная торговля;1857.835
2021-08-01;Оптовая торговля;6285.2134
2021-08-01;Торговля автомобилями;879.3892
2021-07-01;Спорт и досуг;43.5
2021-07-01;Здравоохранение;321.9
2021-07-01;Образование;39.5
2021-07-01;Все отрасли;21973.8
2021-07-01;Прочее;66.8
2021-07-01;Административная деятельность;185.9
2021-07-01;Научная и проф. деятельность;565
2021-07-01;Операции с недвижимостью;333.2
2021-07-01;ИТ и связь;443.2
2021-07-01;Гостиницы и общепит;166.9
2021-07-01;Транспортировка и хранение;1350.1
2021-07-01;Строительство;908.3
2021-07-01;Водоснабжение;148.6
2021-07-01;Услуги ЖКХ;724.1
2021-07-01;Обрабатывающие производства;5437.2
2021-07-01;Добыча полезных ископаемых;2142.8
2021-07-01;Сельское хозяйство;308.6
2021-07-01;Розничная торговля;1781.1
2021-07-01;Оптовая торговля;6152.1
2021-07-01;Торговля автомобилями;855
2021-06-01;Спорт и досуг;56.586945
2021-06-01;Здравоохранение;313.4721
2021-06-01;Образование;51.96469
2024-03-01;Строительство;1028.929
2024-03-01;Водоснабжение;179.03435
2024-03-01;Услуги ЖКХ;1329.0251
2024-03-01;Обрабатывающие производства;7750.4336
2024-03-01;Добыча полезных ископаемых;2916.3118
2024-03-01;Сельское хозяйство;521.75684
2024-03-01;Розничная торговля;2379.9065
2024-03-01;Оптовая торговля;8253.989
2024-03-01;Торговля автомобилями;1246.5507
2024-02-01;Спорт и досуг;75.9874
2024-02-01;Здравоохранение;317.79037
2024-02-01;Образование;80.48295
2024-02-01;Все отрасли;27781.219
2024-02-01;Прочее;49.438107
2024-02-01;Административная деятельность;329.6263
2024-02-01;Научная и проф. деятельность;711.4827
2024-02-01;Операции с недвижимостью;422.63925
2024-02-01;ИТ и связь;693.848
2024-02-01;Гостиницы и общепит;234.92596
2024-02-01;Транспортировка и хранение;1830.607
2024-02-01;Строительство;893.43976
2024-02-01;Водоснабжение;166.55774
2024-02-01;Услуги ЖКХ;1395.6945
2024-02-01;Обрабатывающие производства;6829.2275
2024-02-01;Добыча полезных ископаемых;2662.499
2024-02-01;Сельское хозяйство;487.3152
2024-02-01;Розничная торговля;2148.2368
2024-02-01;Оптовая торговля;7483.464
2024-02-01;Торговля автомобилями;967.957
2024-01-01;Спорт и досуг;80.64664
2024-01-01;Здравоохранение;262.37524
2024-01-01;Образование;74.9278
2024-01-01;Все отрасли;25917.756
2024-01-01;Прочее;46.57083
2024-01-01;Административная деятельность;310.15494
2024-01-01;Научная и проф. деятельность;679.25684
2024-01-01;Операции с недвижимостью;399.5698
2024-01-01;ИТ и связь;700.5122
2024-01-01;Гостиницы и общепит;214.97615
2024-01-01;Транспортировка и хранение;1857.7887
2024-01-01;Строительство;802.39435
2024-01-01;Водоснабжение;156.95885
2024-01-01;Услуги ЖКХ;1465.2795
2024-01-01;Обрабатывающие производства;6212.243
2024-01-01;Добыча полезных ископаемых;2557.4163
2024-01-01;Сельское хозяйство;445.40677
2024-01-01;Розничная торговля;2095.3372
2024-01-01;Оптовая торговля;6755.602
2024-01-01;Торговля автомобилями;800.3378
2023-12-01;Спорт и досуг;87.32441
2023-12-01;Здравоохранение;480.94168
2023-12-01;Образование;104.50409
2023-12-01;Все отрасли;34556.605
2023-12-01;Прочее;80.78532
2021-06-01;Все отрасли;22304.146
2021-06-01;Прочее;50.92062
2021-04-01;Административная деятельность;176
2021-04-01;Научная и проф. деятельность;580.1
2021-04-01;Операции с недвижимостью;395.1
2021-04-01;ИТ и связь;483
2021-04-01;Гостиницы и общепит;153.8
2021-04-01;Транспортировка и хранение;1203.1
2021-04-01;Строительство;698.2
2021-04-01;Водоснабжение;145.4
2021-04-01;Услуги ЖКХ;953.5
2021-04-01;Обрабатывающие производства;4951.9
2021-04-01;Добыча полезных ископаемых;1838.9
2021-04-01;Сельское хозяйство;346
2021-04-01;Розничная торговля;1659.4
2021-04-01;Оптовая торговля;6124.4
2021-04-01;Торговля автомобилями;969.5
2021-03-01;Спорт и досуг;52.28275
2021-03-01;Здравоохранение;309.63525
2021-03-01;Образование;62.55227
2021-03-01;Все отрасли;20805.164
2021-03-01;Прочее;42.06139
2021-03-01;Административная деятельность;178.40825
2021-03-01;Научная и проф. деятельность;549.67804
2021-03-01;Операции с недвижимостью;334.80948
2021-03-01;ИТ и связь;469.72174
2021-03-01;Гостиницы и общепит;152.69081
2021-03-01;Транспортировка и хранение;1121.1229
2021-03-01;Строительство;662.0476
2021-03-01;Водоснабжение;122.259636
2021-03-01;Услуги ЖКХ;1078.6061
2021-03-01;Обрабатывающие производства;4965.615
2021-03-01;Добыча полезных ископаемых;1780.6803
2021-03-01;Сельское хозяйство;358.25705
2021-03-01;Розничная торговля;1675.8828
2021-03-01;Оптовая торговля;5986.0845
2021-03-01;Торговля автомобилями;902.76764
2021-02-01;Спорт и досуг;38.960808
2021-02-01;Здравоохранение;284.96176
2021-02-01;Образование;59.053585
2021-02-01;Все отрасли;17627.605
2021-02-01;Прочее;41.9308
2021-02-01;Административная деятельность;159.56511
2021-02-01;Научная и проф. деятельность;384.12613
2021-02-01;Операции с недвижимостью;324.17844
2021-02-01;ИТ и связь;392.93872
2021-02-01;Гостиницы и общепит;132.94179
2021-02-01;Транспортировка и хранение;1011.5313
2021-02-01;Строительство;497.40628
2021-02-01;Водоснабжение;115.37719
2021-02-01;Услуги ЖКХ;1112.4614
2021-02-01;Обрабатывающие производства;4018.412
2021-02-01;Добыча полезных ископаемых;1538.9487
2021-02-01;Сельское хозяйство;322.974
2021-02-01;Розничная торговля;1476.5978
2021-02-01;Оптовая торговля;5020.9155
2021-02-01;Торговля автомобилями;694.32385
2021-01-01;Спорт и досуг;38.1
2021-01-01;Здравоохранение;274.5
2021-01-01;Образование;51
2021-01-01;Все отрасли;16693.7
2021-01-01;Прочее;38.8
2021-01-01;Административная деятельность;158.2
2021-01-01;Научная и проф. деятельность;352
2021-01-01;Операции с недвижимостью;368.5
2021-01-01;ИТ и связь;413.3
2021-01-01;Гостиницы и общепит;132.3
2021-01-01;Транспортировка и хранение;1017.8
2021-01-01;Строительство;464.3
2021-01-01;Водоснабжение;114
2021-01-01;Услуги ЖКХ;1113
2021-01-01;Обрабатывающие производства;3575.9
2021-01-01;Добыча полезных ископаемых;1529.5
2021-01-01;Сельское хозяйство;290.4
2021-01-01;Розничная торговля;1542.8
2021-01-01;Оптовая торговля;4660
2021-01-01;Торговля автомобилями;559.3
2020-12-01;Спорт и досуг;43.5
2020-12-01;Здравоохранение;367.8
2020-12-01;Образование;76.8
2020-12-01;Все отрасли;22513.1
2020-12-01;Прочее;43.2
2020-12-01;Административная деятельность;161
2020-12-01;Научная и проф. деятельность;1080.4
2020-12-01;Операции с недвижимостью;299.6
2020-12-01;ИТ и связь;567.9
2020-12-01;Гостиницы и общепит;103.8
2020-12-01;Транспортировка и хранение;1127.6
2020-12-01;Строительство;1139.7
2020-12-01;Водоснабжение;140.3
2020-12-01;Услуги ЖКХ;1108.9
2020-12-01;Обрабатывающие производства;5543.9
2020-12-01;Добыча полезных ископаемых;1531.1
2020-12-01;Сельское хозяйство;427.7
2020-12-01;Розничная торговля;1979.3
2020-12-01;Оптовая торговля;6005.4
2020-12-01;Торговля автомобилями;765.2
2020-11-01;Спорт и досуг;28.6
2020-11-01;Здравоохранение;305.5
2020-11-01;Образование;56.3
2020-11-01;Все отрасли;18568.7
2020-11-01;Прочее;33
2020-11-01;Административная деятельность;136.4
2020-11-01;Научная и проф. деятельность;523.4
2020-11-01;Операции с недвижимостью;252.5
2020-11-01;ИТ и связь;400.6
2020-11-01;Гостиницы и общепит;92.9
2020-11-01;Транспортировка и хранение;1030.6
2020-11-01;Строительство;754.9
2020-11-01;Водоснабжение;123.6
2020-11-01;Услуги ЖКХ;951.6
2020-11-01;Обрабатывающие производства;4483.7
2020-11-01;Добыча полезных ископаемых;1375.7
2020-11-01;Сельское хозяйство;408.6
2020-11-01;Розничная торговля;1624.5
2020-11-01;Оптовая торговля;5287.8
2020-11-01;Торговля автомобилями;698.5
2020-10-01;Спорт и досуг;33.3
2020-10-01;Здравоохранение;278.2
2020-10-01;Образование;57
2020-10-01;Все отрасли;18505.2
2020-10-01;Прочее;32
2020-10-01;Административная деятельность;146.2
2020-10-01;Научная и проф. деятельность;568.6
2020-10-01;Операции с недвижимостью;261.2
2020-10-01;ИТ и связь;387.1
2020-10-01;Гостиницы и общепит;102.4
2020-10-01;Транспортировка и хранение;1058.8
2020-10-01;Строительство;804.2
2020-10-01;Водоснабжение;124.4
2020-10-01;Услуги ЖКХ;827.7
2020-10-01;Обрабатывающие производства;4465.9
2020-10-01;Добыча полезных ископаемых;1351.9
2020-10-01;Сельское хозяйство;438.6
2020-10-01;Розничная торговля;1627.4
2020-10-01;Оптовая торговля;5241.5
2020-10-01;Торговля автомобилями;698.8
2020-09-01;Спорт и досуг;38
2020-09-01;Здравоохранение;271.8
2020-09-01;Образование;60.4
2020-09-01;Все отрасли;17676
2020-09-01;Прочее;33.5
2020-09-01;Административная деятельность;143.4
2020-09-01;Научная и проф. деятельность;505.5
2020-09-01;Операции с недвижимостью;267.7
2020-09-01;ИТ и связь;412.9
2020-09-01;Гостиницы и общепит;103.2
2020-09-01;Транспортировка и хранение;1058.5
2020-09-01;Строительство;743.4
2020-09-01;Водоснабжение;117.9
2020-09-01;Услуги ЖКХ;709
2020-09-01;Обрабатывающие производства;4277.8
2020-09-01;Добыча полезных ископаемых;1337.9
2020-09-01;Сельское хозяйство;379.8
2020-09-01;Розничная торговля;1575.5
2020-09-01;Оптовая торговля;4978.2
2020-09-01;Торговля автомобилями;661.6
2020-08-01;Спорт и досуг;31.930948
2020-08-01;Здравоохранение;265.5818
2020-08-01;Образование;36.78738
2020-08-01;Все отрасли;16654.361
2020-08-01;Прочее;30.079163
2020-08-01;Административная деятельность;136.9776
2020-08-01;Научная и проф. деятельность;397.0773
2020-08-01;Операции с недвижимостью;228.54729
2020-08-01;ИТ и связь;364.99603
2020-08-01;Гостиницы и общепит;95.875626
2020-08-01;Транспортировка и хранение;1026.1605
2020-08-01;Строительство;692.78973
2020-08-01;Водоснабжение;121.600876
2020-08-01;Услуги ЖКХ;672.8598
2020-08-01;Обрабатывающие производства;3975.1052
2020-08-01;Добыча полезных ископаемых;1326.9928
2020-08-01;Сельское хозяйство;312.9209
2020-08-01;Розничная торговля;1630.9355
2020-08-01;Оптовая торговля;4682.608
2020-08-01;Торговля автомобилями;624.53436
2020-07-01;Спорт и досуг;24.5
2020-07-01;Здравоохранение;253.6
2020-07-01;Образование;29.1
2020-07-01;Все отрасли;15955
2020-07-01;Прочее;29.5
2020-07-01;Административная деятельность;126.7
2020-07-01;Научная и проф. деятельность;401
2020-07-01;Операции с недвижимостью;228.3
2020-07-01;ИТ и связь;346
2020-07-01;Гостиницы и общепит;84.8
2020-07-01;Транспортировка и хранение;968
2020-07-01;Строительство;710.4
2020-07-01;Водоснабжение;105.6
2020-07-01;Услуги ЖКХ;646.9
2020-07-01;Обрабатывающие производства;3897.6
2020-07-01;Добыча полезных ископаемых;1238.6
2020-07-01;Сельское хозяйство;278.4
2020-07-01;Розничная торговля;1604.3
2020-07-01;Оптовая торговля;4331.2
2020-07-01;Торговля автомобилями;650.5
2020-06-01;Спорт и досуг;17.483192
2020-06-01;Здравоохранение;228.4925
2020-06-01;Образование;36.2102
2020-06-01;Все отрасли;15656.7705
2020-06-01;Прочее;30.287651
2020-06-01;Административная деятельность;127.07483
2020-06-01;Научная и проф. деятельность;524.9863
2023-02-01;Гостиницы и общепит;176.72575
2023-02-01;Транспортировка и хранение;1500.5066
2023-02-01;Строительство;751.00604
2023-02-01;Водоснабжение;145.80612
2023-02-01;Услуги ЖКХ;1299.94
2023-02-01;Обрабатывающие производства;5103.4497
2023-02-01;Добыча полезных ископаемых;1815.2373
2023-02-01;Сельское хозяйство;401.562
2023-02-01;Розничная торговля;1781.9218
2023-02-01;Оптовая торговля;6070.41
2023-02-01;Торговля автомобилями;598.1529
2023-01-01;Спорт и досуг;54.454056
2023-01-01;Здравоохранение;259.92487
2023-01-01;Образование;66.71316
2023-01-01;Все отрасли;21255.645
2023-01-01;Прочее;35.449505
2023-01-01;Административная деятельность;218.0673
2023-01-01;Научная и проф. деятельность;457.3684
2023-01-01;Операции с недвижимостью;373.06747
2023-01-01;ИТ и связь;543.80066
2023-01-01;Гостиницы и общепит;181.51581
2023-01-01;Транспортировка и хранение;1510.5659
2023-01-01;Строительство;720.4994
2023-01-01;Водоснабжение;136.25023
2023-01-01;Услуги ЖКХ;1366.5409
2023-01-01;Обрабатывающие производства;4847.875
2023-01-01;Добыча полезных ископаемых;1797.5831
2023-01-01;Сельское хозяйство;380.86664
2023-01-01;Розничная торговля;1814.7139
2023-01-01;Оптовая торговля;5949.6416
2023-01-01;Торговля автомобилями;540.7457
2022-12-01;Спорт и досуг;70.40894
2022-12-01;Здравоохранение;415.07822
2022-12-01;Образование;96.609436
2022-12-01;Все отрасли;28824.863
2022-12-01;Прочее;65.76113
2022-12-01;Административная деятельность;256.0859
2022-12-01;Научная и проф. деятельность;1593.7136
2022-12-01;Операции с недвижимостью;426.69913
2022-12-01;ИТ и связь;957.82825
2022-12-01;Гостиницы и общепит;181.68927
2022-12-01;Транспортировка и хранение;1695.7975
2022-12-01;Строительство;1700.0468
2022-12-01;Водоснабжение;180.96213
2022-12-01;Услуги ЖКХ;1360.4098
2022-12-01;Обрабатывающие производства;6678.9517
2022-12-01;Добыча полезных ископаемых;1991.3285
2022-12-01;Сельское хозяйство;500.42978
2022-12-01;Розничная торговля;2242.0007
2022-12-01;Оптовая торговля;7685.3906
2022-12-01;Торговля автомобилями;725.67114
2022-11-01;Спорт и досуг;47.978283
2022-11-01;Здравоохранение;347.80524
2022-11-01;Образование;73.178215
2022-11-01;Все отрасли;24129.191
2022-11-01;Прочее;43.77835
2022-11-01;Административная деятельность;207.09697
2022-11-01;Научная и проф. деятельность;788.9826
2022-11-01;Операции с недвижимостью;342.93365
2022-11-01;ИТ и связь;609.39343
2022-11-01;Гостиницы и общепит;173.65297
2022-11-01;Транспортировка и хранение;1580.279
2022-11-01;Строительство;1154.8301
2022-11-01;Водоснабжение;149.97386
2022-11-01;Услуги ЖКХ;1116.1011
2022-11-01;Обрабатывающие производства;5783.5923
2022-11-01;Добыча полезных ископаемых;2028.414
2022-11-01;Сельское хозяйство;450.64285
2022-11-01;Розничная торговля;1835.0625
2022-11-01;Оптовая торговля;6772.2534
2022-11-01;Торговля автомобилями;623.2416
2022-10-01;Спорт и досуг;47.944912
2022-10-01;Здравоохранение;330.74457
2022-10-01;Образование;72.94594
2022-10-01;Все отрасли;23542.236
2022-10-01;Прочее;49.381107
2022-10-01;Административная деятельность;208.5716
2022-10-01;Научная и проф. деятельность;673.1337
2022-10-01;Операции с недвижимостью;341.2051
2022-10-01;ИТ и связь;551.70374
2022-10-01;Гостиницы и общепит;177.24414
2022-10-01;Транспортировка и хранение;1570.3472
2022-10-01;Строительство;1141.2792
2022-10-01;Водоснабжение;155.0616
2022-10-01;Услуги ЖКХ;971.3584
2022-10-01;Обрабатывающие производства;5579.164
2022-10-01;Добыча полезных ископаемых;2103.5828
2022-10-01;Сельское хозяйство;464.01056
2022-10-01;Розничная торговля;1870.9884
2022-10-01;Оптовая торговля;6648.3105
2022-10-01;Торговля автомобилями;585.25867
2022-09-01;Спорт и досуг;51.46318
2022-09-01;Здравоохранение;321.33334
2022-09-01;Образование;75.976425
2022-09-01;Все отрасли;23532.379
2022-09-01;Прочее;50.26535
2022-09-01;Административная деятельность;220.51767
2022-09-01;Научная и проф. деятельность;721.60077
2022-09-01;Операции с недвижимостью;355.69482
2022-09-01;ИТ и связь;646.28326
2022-09-01;Гостиницы и общепит;177.85736
2022-09-01;Транспортировка и хранение;1570.949
2022-09-01;Строительство;1088.4097
2022-09-01;Водоснабжение;154.0044
2022-09-01;Услуги ЖКХ;840.8373
2022-09-01;Обрабатывающие производства;5482.019
2022-09-01;Добыча полезных ископаемых;1975.6947
2022-09-01;Сельское хозяйство;443.80087
2022-09-01;Розничная торговля;1962.0818
2022-09-01;Оптовая торговля;6804.7764
2022-09-01;Торговля автомобилями;588.8143
2022-08-01;Спорт и досуг;47.9689
2022-08-01;Здравоохранение;325.0065
2022-08-01;Образование;54.894783
2022-08-01;Все отрасли;23308.74
2022-08-01;Прочее;43.430786
2022-08-01;Административная деятельность;208.04846
2022-08-01;Научная и проф. деятельность;562.1186
2022-08-01;Операции с недвижимостью;337.5019
2022-08-01;ИТ и связь;522.56445
2022-08-01;Гостиницы и общепит;174.71034
2022-08-01;Транспортировка и хранение;1607.1006
2022-08-01;Строительство;1035.7445
2022-08-01;Водоснабжение;147.05193
2022-08-01;Услуги ЖКХ;788.4518
2022-08-01;Обрабатывающие производства;5486.427
2022-08-01;Добыча полезных ископаемых;2102.4133
2022-08-01;Сельское хозяйство;405.386
2022-08-01;Розничная торговля;2054.3948
2022-08-01;Оптовая торговля;6831.916
2022-08-01;Торговля автомобилями;573.60913
2022-07-01;Спорт и досуг;48.274593
2022-07-01;Здравоохранение;318.27548
2022-07-01;Образование;45.10769
2022-07-01;Все отрасли;22240.578
2022-07-01;Прочее;45.77866
2022-07-01;Административная деятельность;212.47592
2022-07-01;Научная и проф. деятельность;597.1063
2022-07-01;Операции с недвижимостью;353.70157
2022-07-01;ИТ и связь;520.4555
2022-07-01;Гостиницы и общепит;163.5558
2022-07-01;Транспортировка и хранение;1561.944
2022-07-01;Строительство;1000.0572
2022-07-01;Водоснабжение;132.98422
2022-07-01;Услуги ЖКХ;755.6551
2022-07-01;Обрабатывающие производства;5316.053
2022-07-01;Добыча полезных ископаемых;2074.1448
2022-07-01;Сельское хозяйство;347.49838
2022-07-01;Розничная торговля;2017.5685
2022-07-01;Оптовая торговля;6195.5645
2022-07-01;Торговля автомобилями;534.37683
2022-06-01;Спорт и досуг;60.47374
2022-06-01;Здравоохранение;318.65356
2022-06-01;Образование;60.5503
2022-06-01;Все отрасли;23540.814
2022-06-01;Прочее;45.852432
2022-06-01;Административная деятельность;221.25328
2022-06-01;Научная и проф. деятельность;679.6299
2022-06-01;Операции с недвижимостью;384.1583
2022-06-01;ИТ и связь;606.7612
2022-06-01;Гостиницы и общепит;155.68599
2022-06-01;Транспортировка и хранение;1478.1952
2022-06-01;Строительство;972.30756
2022-06-01;Водоснабжение;141.29434
2022-06-01;Услуги ЖКХ;745.3453
2022-06-01;Обрабатывающие производства;5555.1123
2022-06-01;Добыча полезных ископаемых;2243.4724
2022-06-01;Сельское хозяйство;358.69025
2022-06-01;Розничная торговля;1975.199
2022-06-01;Оптовая торговля;6982.1777
2022-06-01;Торговля автомобилями;556.0004
2022-05-01;Спорт и досуг;47.01258
2022-05-01;Здравоохранение;314.36847
2022-05-01;Образование;59.6761
2022-05-01;Все отрасли;22696.547
2022-05-01;Прочее;41.060913
2022-05-01;Административная деятельность;201.3702
2022-05-01;Научная и проф. деятельность;493.67215
2022-05-01;Операции с недвижимостью;342.33615
2022-05-01;ИТ и связь;487.71136
2022-05-01;Гостиницы и общепит;144.4653
2022-05-01;Транспортировка и хранение;1392.0549
2022-05-01;Строительство;825.0896
2022-05-01;Водоснабжение;160.88623
2022-05-01;Услуги ЖКХ;828.6395
2022-05-01;Обрабатывающие производства;5566.1343
2022-05-01;Добыча полезных ископаемых;2407.3064
2022-05-01;Сельское хозяйство;378.25467
2022-05-01;Розничная торговля;1847.5345
2022-05-01;Оптовая торговля;6642.437
2022-05-01;Торговля автомобилями;516.53687
2022-04-01;Спорт и досуг;51.41141
2020-06-01;Операции с недвижимостью;226.41104
2020-06-01;ИТ и связь;364.00012
2019-12-01;Водоснабжение;108.3694
2019-12-01;Услуги ЖКХ;1051.2858
2019-12-01;Обрабатывающие производства;4787.4688
2019-12-01;Добыча полезных ископаемых;1551.7152
2019-12-01;Сельское хозяйство;340.0283
2019-12-01;Розничная торговля;1856.0912
2019-12-01;Оптовая торговля;5259.1963
2019-12-01;Торговля автомобилями;722.60657
2019-11-01;Спорт и досуг;26.91586
2019-11-01;Здравоохранение;261.84976
2019-11-01;Образование;55.982506
2019-11-01;Все отрасли;17447.535
2019-11-01;Прочее;47.03781
2019-11-01;Административная деятельность;120.85988
2019-11-01;Научная и проф. деятельность;531.986
2019-11-01;Операции с недвижимостью;253.21672
2019-11-01;ИТ и связь;343.08353
2019-11-01;Гостиницы и общепит;111.223236
2019-11-01;Транспортировка и хранение;1118.8235
2019-11-01;Строительство;651.99756
2019-11-01;Водоснабжение;94.77306
2019-11-01;Услуги ЖКХ;948.2043
2019-11-01;Обрабатывающие производства;4155.434
2019-11-01;Добыча полезных ископаемых;1442.6205
2019-11-01;Сельское хозяйство;321.5904
2019-11-01;Розничная торговля;1570.5529
2019-11-01;Оптовая торговля;4762.8257
2019-11-01;Торговля автомобилями;628.55817
2019-10-01;Спорт и досуг;28.770002
2019-10-01;Здравоохранение;250.4423
2019-10-01;Образование;58.09606
2019-10-01;Все отрасли;17342.217
2019-10-01;Прочее;55.31074
2019-10-01;Административная деятельность;122.73365
2019-10-01;Научная и проф. деятельность;474.90805
2019-10-01;Операции с недвижимостью;237.68161
2019-10-01;ИТ и связь;333.04196
2019-10-01;Гостиницы и общепит;118.404
2019-10-01;Транспортировка и хранение;1179.4048
2019-10-01;Строительство;693.62823
2019-10-01;Водоснабжение;100.50606
2019-10-01;Услуги ЖКХ;826.70026
2019-10-01;Обрабатывающие производства;4338.632
2019-10-01;Добыча полезных ископаемых;1495.6191
2019-10-01;Сельское хозяйство;347.14682
2019-10-01;Розничная торговля;1506.8461
2019-10-01;Оптовая торговля;4543.5483
2019-10-01;Торговля автомобилями;630.79736
2019-09-01;Спорт и досуг;28.522482
2019-09-01;Здравоохранение;242.32983
2019-09-01;Образование;57.39592
2019-09-01;Все отрасли;16854.059
2019-09-01;Прочее;44.69405
2019-09-01;Административная деятельность;131.03911
2019-09-01;Научная и проф. деятельность;458.94815
2019-09-01;Операции с недвижимостью;232.31853
2019-09-01;ИТ и связь;345.31577
2019-09-01;Гостиницы и общепит;120.87905
2019-09-01;Транспортировка и хранение;1188.909
2019-09-01;Строительство;688.6863
2019-09-01;Водоснабжение;103.122925
2019-09-01;Услуги ЖКХ;682.3164
2019-09-01;Обрабатывающие производства;4153.8823
2019-09-01;Добыча полезных ископаемых;1480.8528
2019-09-01;Сельское хозяйство;311.69464
2019-09-01;Розничная торговля;1499.9862
2019-09-01;Оптовая торговля;4473.696
2019-09-01;Торговля автомобилями;609.47
2019-08-01;Спорт и досуг;22.532385
2019-08-01;Здравоохранение;250.74495
2019-08-01;Образование;39.038597
2019-08-01;Все отрасли;16457.477
2019-08-01;Прочее;48.864014
2019-08-01;Административная деятельность;123.90852
2019-08-01;Научная и проф. деятельность;384.57718
2019-08-01;Операции с недвижимостью;225.67532
2019-08-01;ИТ и связь;311.3224
2019-08-01;Гостиницы и общепит;127.79506
2019-08-01;Транспортировка и хранение;1200.1262
2019-08-01;Строительство;635.78253
2019-08-01;Водоснабжение;105.30945
2019-08-01;Услуги ЖКХ;647.3258
2019-08-01;Обрабатывающие производства;4050.0215
2019-08-01;Добыча полезных ископаемых;1506.8868
2019-08-01;Сельское хозяйство;275.6881
2019-08-01;Розничная торговля;1543.9797
2019-08-01;Оптовая торговля;4372.184
2019-08-01;Торговля автомобилями;585.71436
2019-07-01;Спорт и досуг;20.99979
2019-07-01;Здравоохранение;249.1774
2019-07-01;Образование;35.32096
2019-07-01;Все отрасли;16737.14
2019-07-01;Прочее;48.864727
2019-07-01;Административная деятельность;128.36162
2019-07-01;Научная и проф. деятельность;924.8247
2019-07-01;Операции с недвижимостью;247.39261
2019-07-01;ИТ и связь;310.54465
2019-07-01;Гостиницы и общепит;118.175766
2019-07-01;Транспортировка и хранение;1141.1711
2019-07-01;Строительство;640.61
2019-07-01;Водоснабжение;104.17395
2019-07-01;Услуги ЖКХ;635.2442
2019-07-01;Обрабатывающие производства;4084.036
2019-07-01;Добыча полезных ископаемых;1494.1389
2019-07-01;Сельское хозяйство;262.5794
2019-07-01;Розничная торговля;1508.2767
2019-07-01;Оптовая торговля;4192.483
2019-07-01;Торговля автомобилями;590.7652
2019-06-01;Спорт и досуг;24.653582
2019-06-01;Здравоохранение;252.80919
2019-06-01;Образование;45.515297
2019-06-01;Все отрасли;15984.148
2019-06-01;Прочее;40.965836
2019-06-01;Административная деятельность;118.97829
2019-06-01;Научная и проф. деятельность;423.87573
2019-06-01;Операции с недвижимостью;231.91464
2019-06-01;ИТ и связь;328.1276
2019-06-01;Гостиницы и общепит;119.749756
2019-06-01;Транспортировка и хранение;1096.8047
2019-06-01;Строительство;589.5955
2019-06-01;Водоснабжение;95.910385
2019-06-01;Услуги ЖКХ;630.39355
2019-06-01;Обрабатывающие производства;4020.7334
2019-06-01;Добыча полезных ископаемых;1493.3846
2019-06-01;Сельское хозяйство;240.38118
2019-06-01;Розничная торговля;1488.4448
2019-06-01;Оптовая торговля;4152.34
2019-06-01;Торговля автомобилями;589.5708
2019-05-01;Спорт и досуг;21.517458
2019-05-01;Здравоохранение;248.55766
2019-05-01;Образование;45.500164
2019-05-01;Все отрасли;15566.021
2019-05-01;Прочее;38.95981
2019-05-01;Административная деятельность;116.68413
2019-05-01;Научная и проф. деятельность;294.4823
2019-05-01;Операции с недвижимостью;232.7387
2019-05-01;ИТ и связь;293.06433
2019-05-01;Гостиницы и общепит;111.47034
2019-05-01;Транспортировка и хранение;1088.6587
2019-05-01;Строительство;519.5654
2019-05-01;Водоснабжение;99.112656
2019-05-01;Услуги ЖКХ;698.48334
2019-05-01;Обрабатывающие производства;3866.2427
2019-05-01;Добыча полезных ископаемых;1591.8898
2019-05-01;Сельское хозяйство;245.74507
2019-05-01;Розничная торговля;1467.5953
2019-05-01;Оптовая торговля;4027.7239
2019-05-01;Торговля автомобилями;558.0299
2019-04-01;Спорт и досуг;20.964758
2019-04-01;Здравоохранение;255.13086
2019-04-01;Образование;56.04957
2019-04-01;Все отрасли;16126.787
2019-04-01;Прочее;49.107357
2019-04-01;Административная деятельность;130.88472
2019-04-01;Научная и проф. деятельность;320.5544
2019-04-01;Операции с недвижимостью;224.99222
2019-04-01;ИТ и связь;308.474
2019-04-01;Гостиницы и общепит;109.48123
2019-04-01;Транспортировка и хранение;1079.676
2019-04-01;Строительство;513.8008
2019-04-01;Водоснабжение;106.02435
2019-04-01;Услуги ЖКХ;844.16437
2019-04-01;Обрабатывающие производства;4032.499
2019-04-01;Добыча полезных ископаемых;1542.8217
2019-04-01;Сельское хозяйство;272.8342
2019-04-01;Розничная торговля;1430.3002
2019-04-01;Оптовая торговля;4239.141
2019-04-01;Торговля автомобилями;589.88666
2019-03-01;Спорт и досуг;26.441778
2019-03-01;Здравоохранение;233.16629
2019-03-01;Образование;50.664
2019-03-01;Все отрасли;16220.985
2019-03-01;Прочее;45.20941
2019-03-01;Административная деятельность;119.830605
2019-03-01;Научная и проф. деятельность;339.44632
2019-03-01;Операции с недвижимостью;235.14958
2019-03-01;ИТ и связь;379.9948
2019-03-01;Гостиницы и общепит;108.489784
2019-03-01;Транспортировка и хранение;1009.6972
2019-03-01;Строительство;445.10345
2019-03-01;Водоснабжение;97.01846
2019-03-01;Услуги ЖКХ;942.35376
2019-03-01;Обрабатывающие производства;3988.9075
2019-03-01;Добыча полезных ископаемых;1577.4666
2019-03-01;Сельское хозяйство;276.73822
2019-03-01;Розничная торговля;1467.8795
2019-03-01;Оптовая торговля;4321.261
2019-03-01;Торговля автомобилями;556.1666
2019-02-01;Спорт и досуг;19.47338
2019-02-01;Здравоохранение;219.20459
2019-02-01;Образование;49.700336
2019-02-01;Все отрасли;14616.387
2019-02-01;Прочее;40.551727
2019-02-01;Административная деятельность;110.90396
2019-02-01;Научная и проф. деятельность;242.0411
2019-02-01;Операции с недвижимостью;211.78786
2019-02-01;ИТ и связь;353.1514
2019-02-01;Гостиницы и общепит;96.2598
2019-02-01;Транспортировка и хранение;964.0166
2019-02-01;Строительство;370.7708
2019-02-01;Водоснабжение;78.95325
2019-02-01;Услуги ЖКХ;976.68115
2021-06-01;Административная деятельность;212.64076
2021-06-01;Научная и проф. деятельность;708.35986
2021-06-01;Операции с недвижимостью;359.2275
2021-06-01;ИТ и связь;519.2546
2021-06-01;Гостиницы и общепит;167.80086
2021-06-01;Транспортировка и хранение;1372.6793
2021-06-01;Строительство;919.9509
2021-06-01;Водоснабжение;160.737
2021-06-01;Услуги ЖКХ;714.02423
2021-06-01;Обрабатывающие производства;5524.2075
2021-06-01;Добыча полезных ископаемых;2016.7285
2021-06-01;Сельское хозяйство;309.0774
2021-06-01;Розничная торговля;1749.6085
2021-06-01;Оптовая торговля;6169.4434
2021-06-01;Торговля автомобилями;927.46265
2021-05-01;Спорт и досуг;47.39657
2021-05-01;Здравоохранение;289.35056
2021-05-01;Образование;51.292618
2021-05-01;Все отрасли;20456.986
2021-05-01;Прочее;55.574142
2021-05-01;Административная деятельность;178.32378
2021-05-01;Научная и проф. деятельность;462.7808
2021-05-01;Операции с недвижимостью;339.87878
2021-05-01;ИТ и связь;417.06467
2021-05-01;Гостиницы и общепит;164.26025
2021-05-01;Транспортировка и хранение;1281.0006
2021-05-01;Строительство;717.8233
2021-05-01;Водоснабжение;145.8076
2021-05-01;Услуги ЖКХ;780.2399
2021-05-01;Обрабатывающие производства;5053.419
2021-05-01;Добыча полезных ископаемых;1948.4956
2021-05-01;Сельское хозяйство;321.00388
2021-05-01;Розничная торговля;1706.4204
2021-05-01;Оптовая торговля;5602.2056
2021-05-01;Торговля автомобилями;894.6481
2021-04-01;Спорт и досуг;48.5
2021-04-01;Здравоохранение;320.5
2021-04-01;Образование;59
2021-04-01;Все отрасли;21175.2
2021-04-01;Прочее;68.9
2019-02-01;Обрабатывающие производства;3500.3752
2019-02-01;Добыча полезных ископаемых;1413.1252
2019-01-01;Прочее;42.656197
2019-01-01;Административная деятельность;260.38553
2019-01-01;Научная и проф. деятельность;204.9845
2019-01-01;Операции с недвижимостью;202.78076
2019-01-01;ИТ и связь;343.46005
2019-01-01;Гостиницы и общепит;92.06616
2019-01-01;Транспортировка и хранение;980.40497
2019-01-01;Строительство;372.35797
2019-01-01;Водоснабжение;73.07769
2019-01-01;Услуги ЖКХ;1033.4553
2019-01-01;Обрабатывающие производства;3194.023
2019-01-01;Добыча полезных ископаемых;1406.5544
2019-01-01;Сельское хозяйство;232.19873
2019-01-01;Розничная торговля;1345.3887
2019-01-01;Оптовая торговля;3788.2866
2019-01-01;Торговля автомобилями;404.3579
2018-12-01;Спорт и досуг;30.578117
2018-12-01;Здравоохранение;285.7124
2018-12-01;Образование;65.195885
2018-12-01;Все отрасли;19295.191
2018-12-01;Прочее;46.627518
2018-12-01;Административная деятельность;116.80725
2018-12-01;Научная и проф. деятельность;861.7944
2018-12-01;Операции с недвижимостью;279.07758
2018-12-01;ИТ и связь;392.78162
2018-12-01;Гостиницы и общепит;108.09124
2018-12-01;Транспортировка и хранение;1059.2114
2018-12-01;Строительство;889.0145
2018-12-01;Водоснабжение;106.600624
2018-12-01;Услуги ЖКХ;1076.8865
2018-12-01;Обрабатывающие производства;4878.8286
2018-12-01;Добыча полезных ископаемых;1501.2721
2018-12-01;Сельское хозяйство;334.63663
2018-12-01;Розничная торговля;1764.1329
2018-12-01;Оптовая торговля;4858.4517
2018-12-01;Торговля автомобилями;639.4914
2018-11-01;Спорт и досуг;26.992168
2018-11-01;Здравоохранение;236.27332
2018-11-01;Образование;52.788322
2018-11-01;Все отрасли;17099.992
2018-11-01;Прочее;39.359844
2018-11-01;Административная деятельность;113.78476
2018-11-01;Научная и проф. деятельность;503.83395
2018-11-01;Операции с недвижимостью;223.67542
2018-11-01;ИТ и связь;320.29984
2018-11-01;Гостиницы и общепит;102.42484
2018-11-01;Транспортировка и хранение;1026.5685
2018-11-01;Строительство;638.60156
2018-11-01;Водоснабжение;106.32354
2018-11-01;Услуги ЖКХ;931.32306
2018-11-01;Обрабатывающие производства;4322.9287
2018-11-01;Добыча полезных ископаемых;1555.8624
2018-11-01;Сельское хозяйство;311.02594
2018-11-01;Розничная торговля;1478.6614
2018-11-01;Оптовая торговля;4531.8877
2018-11-01;Торговля автомобилями;577.37683
2018-10-01;Спорт и досуг;27.60463
2018-10-01;Здравоохранение;218.73163
2018-10-01;Образование;53.929268
2018-10-01;Все отрасли;17323.406
2018-10-01;Прочее;36.15435
2018-10-01;Административная деятельность;121.73573
2018-10-01;Научная и проф. деятельность;441.25784
2018-10-01;Операции с недвижимостью;228.16792
2018-10-01;ИТ и связь;318.17813
2018-10-01;Гостиницы и общепит;110.92368
2018-10-01;Транспортировка и хранение;1067.2474
2018-10-01;Строительство;687.529
2018-10-01;Водоснабжение;109.52959
2018-10-01;Услуги ЖКХ;797.398
2018-10-01;Обрабатывающие производства;4412.0337
2018-10-01;Добыча полезных ископаемых;1792.2126
2018-10-01;Сельское хозяйство;324.21133
2018-10-01;Розничная торговля;1436.1897
2018-10-01;Оптовая торговля;4577.0127
2018-10-01;Торговля автомобилями;563.3583
2018-09-01;Спорт и досуг;23.453756
2018-09-01;Здравоохранение;215.93385
2018-09-01;Образование;55.40399
2018-09-01;Все отрасли;16394.234
2018-09-01;Прочее;38.201195
2018-09-01;Административная деятельность;113.322845
2018-09-01;Научная и проф. деятельность;435.70496
2018-09-01;Операции с недвижимостью;261.33054
2018-09-01;ИТ и связь;326.39133
2018-09-01;Гостиницы и общепит;108.60609
2018-09-01;Транспортировка и хранение;1067.8486
2018-09-01;Строительство;629.6463
2018-09-01;Водоснабжение;104.72724
2018-09-01;Услуги ЖКХ;653.41626
2018-09-01;Обрабатывающие производства;4240.953
2018-09-01;Добыча полезных ископаемых;1670.984
2018-09-01;Сельское хозяйство;293.86966
2018-09-01;Розничная торговля;1427.3191
2018-09-01;Оптовая торговля;4189.252
2018-09-01;Торговля автомобилями;537.8703
2018-08-01;Спорт и досуг;19.739862
2018-08-01;Здравоохранение;223.76367
2018-08-01;Образование;36.49572
2018-08-01;Все отрасли;15950.435
2018-08-01;Прочее;33.756325
2018-08-01;Административная деятельность;104.99794
2018-08-01;Научная и проф. деятельность;442.90802
2018-08-01;Операции с недвижимостью;254.89722
2018-08-01;ИТ и связь;293.62375
2018-08-01;Гостиницы и общепит;105.041595
2018-08-01;Транспортировка и хранение;1103.9847
2018-08-01;Строительство;600.1984
2018-08-01;Водоснабжение;101.16142
2018-08-01;Услуги ЖКХ;617.3073
2018-08-01;Обрабатывающие производства;4112.8794
2018-08-01;Добыча полезных ископаемых;1558.5817
2018-08-01;Сельское хозяйство;265.75497
2018-08-01;Розничная торговля;1455.3335
2018-08-01;Оптовая торговля;4092.537
2018-08-01;Торговля автомобилями;527.472
2018-07-01;Спорт и досуг;18.604303
2018-07-01;Здравоохранение;221.33017
2018-07-01;Образование;31.406246
2018-07-01;Все отрасли;15441.582
2018-07-01;Прочее;30.884666
2018-07-01;Административная деятельность;103.9503
2018-07-01;Научная и проф. деятельность;492.71704
2018-07-01;Операции с недвижимостью;250.00093
2018-07-01;ИТ и связь;292.16647
2018-07-01;Гостиницы и общепит;112.403015
2018-07-01;Транспортировка и хранение;1055.2891
2018-07-01;Строительство;587.4393
2018-07-01;Водоснабжение;99.0217
2018-07-01;Услуги ЖКХ;601.93365
2018-07-01;Обрабатывающие производства;3950.0352
2018-07-01;Добыча полезных ископаемых;1522.1808
2018-07-01;Сельское хозяйство;234.41875
2018-07-01;Розничная торговля;1368.2206
2018-07-01;Оптовая торговля;3986.5505
2018-07-01;Торговля автомобилями;483.02924
2018-06-01;Спорт и досуг;21.33685
2018-06-01;Здравоохранение;221.66647
2018-06-01;Образование;40.860477
2018-06-01;Все отрасли;15492.073
2018-06-01;Прочее;37.020973
2018-06-01;Административная деятельность;103.95581
2018-06-01;Научная и проф. деятельность;385.50522
2018-06-01;Операции с недвижимостью;248.68813
2018-06-01;ИТ и связь;314.7079
2018-06-01;Гостиницы и общепит;112.09603
2018-06-01;Транспортировка и хранение;990.67303
2018-06-01;Строительство;598.5353
2018-06-01;Водоснабжение;100.402725
2018-06-01;Услуги ЖКХ;599.1961
2018-06-01;Обрабатывающие производства;4327.705
2018-06-01;Добыча полезных ископаемых;1536.6112
2018-06-01;Сельское хозяйство;218.51952
2018-06-01;Розничная торговля;1346.1412
2018-06-01;Оптовая торговля;3797.4822
2018-06-01;Торговля автомобилями;490.9688
2018-05-01;Спорт и досуг;19.24106
2018-05-01;Здравоохранение;220.16481
2018-05-01;Образование;43.809498
2018-05-01;Все отрасли;14807.287
2018-05-01;Прочее;32.229355
2018-05-01;Административная деятельность;99.47021
2018-05-01;Научная и проф. деятельность;350.76205
2018-05-01;Операции с недвижимостью;235.97812
2018-05-01;ИТ и связь;288.3882
2018-05-01;Гостиницы и общепит;102.88536
2018-05-01;Транспортировка и хранение;966.53705
2018-05-01;Строительство;533.2369
2018-05-01;Водоснабжение;97.03551
2018-05-01;Услуги ЖКХ;660.5384
2018-05-01;Обрабатывающие производства;3886.3362
2018-05-01;Добыча полезных ископаемых;1499.2656
2018-05-01;Сельское хозяйство;230.98387
2018-05-01;Розничная торговля;1337.5084
2018-05-01;Оптовая торговля;3703.747
2018-05-01;Торговля автомобилями;499.1699
2018-04-01;Спорт и досуг;18.038822
2018-04-01;Здравоохранение;216.21729
2018-04-01;Образование;43.77376
2018-04-01;Все отрасли;14498.272
2018-04-01;Прочее;32.27074
2018-04-01;Административная деятельность;97.602234
2018-04-01;Научная и проф. деятельность;310.20132
2018-04-01;Операции с недвижимостью;233.86618
2018-04-01;ИТ и связь;290.6916
2018-04-01;Гостиницы и общепит;101.38855
2018-04-01;Транспортировка и хранение;934.5767
2018-04-01;Строительство;502.49823
2018-04-01;Водоснабжение;92.558334
2018-04-01;Услуги ЖКХ;822.6559
2018-04-01;Обрабатывающие производства;3635.3738
2018-04-01;Добыча полезных ископаемых;1364.7009
2018-04-01;Сельское хозяйство;242.61238
2018-04-01;Розничная торговля;1282.014
2018-04-01;Оптовая торговля;3751.526
2018-04-01;Торговля автомобилями;525.7061
2018-03-01;Спорт и досуг;21.850351
2018-03-01;Здравоохранение;212.38512
2018-03-01;Образование;47.572178
2018-03-01;Все отрасли;14482.942
2018-03-01;Прочее;34.89454
2018-03-01;Административная деятельность;90.407005
2020-06-01;Гостиницы и общепит;68.12127
2020-06-01;Транспортировка и хранение;955.487
2020-06-01;Строительство;632.933
2020-06-01;Водоснабжение;96.45784
2020-06-01;Услуги ЖКХ;633.7901
2020-06-01;Обрабатывающие производства;3832.3713
2020-06-01;Добыча полезных ископаемых;1133.8208
2020-06-01;Сельское хозяйство;246.47769
2020-06-01;Розничная торговля;1498.0652
2020-06-01;Оптовая торговля;4395.5146
2020-06-01;Торговля автомобилями;608.78625
2020-05-01;Спорт и досуг;9.013676
2020-05-01;Здравоохранение;223.34285
2020-05-01;Образование;27.543299
2020-05-01;Все отрасли;13729.354
2020-05-01;Прочее;26.536116
2020-05-01;Административная деятельность;109.943695
2020-05-01;Научная и проф. деятельность;292.75418
2020-05-01;Операции с недвижимостью;202.61557
2020-05-01;ИТ и связь;302.56165
2020-05-01;Гостиницы и общепит;56.670498
2020-05-01;Транспортировка и хранение;911.2959
2020-05-01;Строительство;548.3527
2020-05-01;Водоснабжение;111.099724
2020-05-01;Услуги ЖКХ;699.2439
2020-05-01;Обрабатывающие производства;3262.51
2020-05-01;Добыча полезных ископаемых;964.357
2020-05-01;Сельское хозяйство;261.55374
2020-05-01;Розничная торговля;1350.9579
2020-05-01;Оптовая торговля;3942.7153
2020-05-01;Торговля автомобилями;426.2855
2020-04-01;Спорт и досуг;10.294954
2020-04-01;Здравоохранение;245.3007
2020-04-01;Образование;26.199179
2020-04-01;Все отрасли;14042.664
2020-04-01;Прочее;27.909426
2020-04-01;Административная деятельность;126.829056
2020-04-01;Научная и проф. деятельность;281.88165
2020-04-01;Операции с недвижимостью;215.99721
2020-04-01;ИТ и связь;326.87784
2020-04-01;Гостиницы и общепит;54.534233
2020-04-01;Транспортировка и хранение;964.6536
2020-04-01;Строительство;512.86395
2020-04-01;Водоснабжение;103.17215
2020-04-01;Услуги ЖКХ;849.76483
2020-04-01;Обрабатывающие производства;3277.2773
2020-04-01;Добыча полезных ископаемых;846.1062
2020-04-01;Сельское хозяйство;297.74536
2020-04-01;Розничная торговля;1289.2688
2020-04-01;Оптовая торговля;4229.529
2020-04-01;Торговля автомобилями;356.4588
2020-03-01;Спорт и досуг;28.631248
2020-03-01;Здравоохранение;268.8179
2020-03-01;Образование;47.50452
2020-03-01;Все отрасли;17743.512
2020-03-01;Прочее;35.554802
2020-03-01;Административная деятельность;141.38481
2020-03-01;Научная и проф. деятельность;350.74808
2020-03-01;Операции с недвижимостью;275.53568
2020-03-01;ИТ и связь;352.61572
2020-03-01;Гостиницы и общепит;105.07006
2020-03-01;Транспортировка и хранение;1038.3501
2020-03-01;Строительство;554.3054
2020-03-01;Водоснабжение;110.14289
2020-03-01;Услуги ЖКХ;954.2698
2020-03-01;Обрабатывающие производства;4073.7983
2020-03-01;Добыча полезных ископаемых;1190.1843
2020-03-01;Сельское хозяйство;318.12433
2020-03-01;Розничная торговля;1704.838
2020-03-01;Оптовая торговля;5490.886
2020-03-01;Торговля автомобилями;702.7496
2020-02-01;Спорт и досуг;25.948349
2020-02-01;Здравоохранение;241.85454
2020-02-01;Образование;54.18719
2020-02-01;Все отрасли;15888.228
2020-02-01;Прочее;33.06645
2020-02-01;Административная деятельность;136.55473
2020-02-01;Научная и проф. деятельность;348.73306
2020-02-01;Операции с недвижимостью;261.71997
2020-02-01;ИТ и связь;306.4595
2020-02-01;Гостиницы и общепит;111.459885
2020-02-01;Транспортировка и хранение;996.4783
2020-02-01;Строительство;486.38165
2020-02-01;Водоснабжение;96.28296
2020-02-01;Услуги ЖКХ;989.2967
2020-02-01;Обрабатывающие производства;3639.02
2020-02-01;Добыча полезных ископаемых;1379.445
2020-02-01;Сельское хозяйство;272.92874
2020-02-01;Розничная торговля;1474.623
2020-02-01;Оптовая торговля;4514.426
2020-02-01;Торговля автомобилями;519.36163
2020-01-01;Спорт и досуг;26.620037
2020-01-01;Здравоохранение;195.2946
2020-01-01;Образование;52.146496
2020-01-01;Все отрасли;15480.078
2020-01-01;Прочее;30.814892
2020-01-01;Административная деятельность;124.33232
2020-01-01;Научная и проф. деятельность;246.38403
2020-01-01;Операции с недвижимостью;253.68379
2020-01-01;ИТ и связь;374.41745
2020-01-01;Гостиницы и общепит;114.44362
2020-01-01;Транспортировка и хранение;1048.3177
2020-01-01;Строительство;487.65582
2020-01-01;Водоснабжение;85.18936
2020-01-01;Услуги ЖКХ;1031.3783
2020-01-01;Обрабатывающие производства;3394.6172
2020-01-01;Добыча полезных ископаемых;1490.4489
2020-01-01;Сельское хозяйство;247.95474
2020-01-01;Розничная торговля;1589.4562
2020-01-01;Оптовая торговля;4242.2725
2020-01-01;Торговля автомобилями;444.6501
2019-12-01;Спорт и досуг;40.584568
2019-12-01;Здравоохранение;324.521
2019-12-01;Образование;72.3272
2019-12-01;Все отрасли;20171.818
2019-12-01;Прочее;76.20062
2019-12-01;Административная деятельность;128.39948
2019-12-01;Научная и проф. деятельность;912.49255
2019-12-01;Операции с недвижимостью;293.397
2019-12-01;ИТ и связь;456.04013
2019-12-01;Гостиницы и общепит;116.55759
2019-12-01;Транспортировка и хранение;1140.9038
2019-12-01;Строительство;933.63214
2018-03-01;Научная и проф. деятельность;353.90042
2018-03-01;Операции с недвижимостью;241.48882
2019-02-01;Сельское хозяйство;252.76138
2019-02-01;Розничная торговля;1301.4403
2019-02-01;Оптовая торговля;3925.2593
2019-02-01;Торговля автомобилями;489.92892
2019-01-01;Спорт и досуг;21.889029
2019-01-01;Здравоохранение;167.43881
2019-01-01;Образование;42.51609
2019-01-01;Все отрасли;14208.282
2018-03-01;ИТ и связь;292.5897
2018-03-01;Гостиницы и общепит;96.440056
2018-03-01;Транспортировка и хранение;911.13495
2018-03-01;Строительство;438.66327
2018-03-01;Водоснабжение;82.68508
2018-03-01;Услуги ЖКХ;926.0734
2018-03-01;Обрабатывающие производства;3570.2512
2018-03-01;Добыча полезных ископаемых;1276.7103
2018-03-01;Сельское хозяйство;250.12428
2018-03-01;Розничная торговля;1320.7937
2018-03-01;Оптовая торговля;3832.158
2018-03-01;Торговля автомобилями;482.82016
2018-02-01;Спорт и досуг;16.698875
2018-02-01;Здравоохранение;191.85124
2018-02-01;Образование;50.575962
2018-02-01;Все отрасли;13124.699
2018-02-01;Прочее;32.4231
2018-02-01;Административная деятельность;88.078545
2018-02-01;Научная и проф. деятельность;262.69226
2018-02-01;Операции с недвижимостью;216.74539
2018-02-01;ИТ и связь;357.68402
2018-02-01;Гостиницы и общепит;94.71858
2018-02-01;Транспортировка и хранение;850.4437
2018-02-01;Строительство;395.10934
2018-02-01;Водоснабжение;73.814384
2018-02-01;Услуги ЖКХ;938.02704
2018-02-01;Обрабатывающие производства;3139.1357
2018-02-01;Добыча полезных ископаемых;1193.5531
2018-02-01;Сельское хозяйство;221.10352
2018-02-01;Розничная торговля;1173.8864
2018-02-01;Оптовая торговля;3433.5435
2018-02-01;Торговля автомобилями;394.61478
2018-01-01;Спорт и досуг;17.53893
2018-01-01;Здравоохранение;140.35806
2018-01-01;Образование;40.98058
2018-01-01;Все отрасли;12911.388
2018-01-01;Прочее;29.57488
2018-01-01;Административная деятельность;90.86774
2018-01-01;Научная и проф. деятельность;321.3079
2018-01-01;Операции с недвижимостью;198.37827
2018-01-01;ИТ и связь;275.27005
2018-01-01;Гостиницы и общепит;94.99102
2018-01-01;Транспортировка и хранение;881.8844
2018-01-01;Строительство;380.37683
2018-01-01;Водоснабжение;73.62999
2018-01-01;Услуги ЖКХ;961.285
2018-01-01;Обрабатывающие производства;3024.5122
2018-01-01;Добыча полезных ископаемых;1276.3673
2018-01-01;Сельское хозяйство;201.6065
2018-01-01;Розничная торговля;1204.4196
2018-01-01;Оптовая торговля;3354.7903
2018-01-01;Торговля автомобилями;343.24832
2017-12-01;Спорт и досуг;24.7
2017-12-01;Здравоохранение;236.1
2017-12-01;Образование;58.1
2017-12-01;Все отрасли;16896.8
2017-12-01;Прочее;46.2
2017-12-01;Административная деятельность;110.4
2017-12-01;Научная и проф. деятельность;751.5
2017-12-01;Операции с недвижимостью;239.4
2017-12-01;ИТ и связь;353.6
2017-12-01;Гостиницы и общепит;112.1
2017-12-01;Транспортировка и хранение;965.5
2017-12-01;Строительство;873.2
2017-12-01;Водоснабжение;96.8
2017-12-01;Услуги ЖКХ;963.9
2017-12-01;Обрабатывающие производства;4529.3
2017-12-01;Добыча полезных ископаемых;1326.8
2017-12-01;Сельское хозяйство;294.2
2017-12-01;Розничная торговля;1502.7
2017-12-01;Оптовая торговля;3858.9
2017-12-01;Торговля автомобилями;553.4
2017-11-01;Спорт и досуг;19.5
2017-11-01;Здравоохранение;198.1
2017-11-01;Образование;48.3
2017-11-01;Все отрасли;14512.7
2017-11-01;Прочее;38.8
2017-11-01;Административная деятельность;109.6
2017-11-01;Научная и проф. деятельность;560.1
2017-11-01;Операции с недвижимостью;199.1
2017-11-01;ИТ и связь;318.7
2017-11-01;Гостиницы и общепит;109.6
2017-11-01;Транспортировка и хранение;936.8
2017-11-01;Строительство;640.7
2017-11-01;Водоснабжение;93.6
2017-11-01;Услуги ЖКХ;857
2017-11-01;Обрабатывающие производства;3716.8
2017-11-01;Добыча полезных ископаемых;1208.7
2017-11-01;Сельское хозяйство;247.4
2017-11-01;Розничная торговля;1190
2017-11-01;Оптовая торговля;3518.6
2017-11-01;Торговля автомобилями;501.3
2017-10-01;Спорт и досуг;18.3
2017-10-01;Здравоохранение;175.9
2017-10-01;Образование;50.6
2017-10-01;Все отрасли;13804.7
2017-10-01;Прочее;36.3
2017-10-01;Административная деятельность;107.8
2017-10-01;Научная и проф. деятельность;399
2017-10-01;Операции с недвижимостью;194.6
2017-10-01;ИТ и связь;271.3
2017-10-01;Гостиницы и общепит;98
2017-10-01;Транспортировка и хранение;932.5
2017-10-01;Строительство;615
2017-10-01;Водоснабжение;97.2
2017-10-01;Услуги ЖКХ;760
2017-10-01;Обрабатывающие производства;3532.4
2017-10-01;Добыча полезных ископаемых;1195.5
2017-10-01;Сельское хозяйство;266.2
2017-10-01;Розничная торговля;1207.3
2017-10-01;Оптовая торговля;3375.7
2017-10-01;Торговля автомобилями;471.1
2017-09-01;Спорт и досуг;19
2017-09-01;Здравоохранение;174.6
2017-08-01;Здравоохранение;184.1
2017-08-01;Образование;34.9
2017-08-01;Все отрасли;12969.8
2017-08-01;Прочее;37.6
2017-08-01;Административная деятельность;109
2017-08-01;Научная и проф. деятельность;315.1
2017-08-01;Операции с недвижимостью;186
2017-08-01;ИТ и связь;268.2
2017-08-01;Гостиницы и общепит;95.5
2017-08-01;Транспортировка и хранение;951.5
2017-08-01;Строительство;561.8
2017-08-01;Водоснабжение;86.2
2017-08-01;Услуги ЖКХ;571.5
2017-08-01;Обрабатывающие производства;3271.6
2017-08-01;Добыча полезных ископаемых;1126.5
2017-08-01;Сельское хозяйство;220.8
2017-08-01;Розничная торговля;1217.1
2017-08-01;Оптовая торговля;3286.1
2017-08-01;Торговля автомобилями;429.2
2017-07-01;Спорт и досуг;16.4
2017-07-01;Здравоохранение;178.1
2017-07-01;Образование;31.9
2017-07-01;Все отрасли;12292.2
2017-07-01;Прочее;32.6
2017-07-01;Административная деятельность;107.2
2017-07-01;Научная и проф. деятельность;290.9
2017-07-01;Операции с недвижимостью;183.4
2017-07-01;ИТ и связь;250.5
2017-07-01;Гостиницы и общепит;92
2017-07-01;Транспортировка и хранение;948.5
2017-07-01;Строительство;544.9
2017-07-01;Водоснабжение;81.9
2017-07-01;Услуги ЖКХ;545.2
2017-07-01;Обрабатывающие производства;3130.3
2017-07-01;Добыча полезных ископаемых;1066.1
2017-07-01;Сельское хозяйство;203.7
2017-07-01;Розничная торговля;1205.7
2017-07-01;Оптовая торговля;2974.2
2017-07-01;Торговля автомобилями;408.7
2017-06-01;Спорт и досуг;18.8
2017-06-01;Здравоохранение;178.1
2017-06-01;Образование;40.2
2017-06-01;Все отрасли;12280.7
2017-06-01;Прочее;35.5
2017-06-01;Административная деятельность;100.6
2017-06-01;Научная и проф. деятельность;350.4
2017-06-01;Операции с недвижимостью;184.7
2017-06-01;ИТ и связь;280.2
2017-06-01;Гостиницы и общепит;92.8
2017-06-01;Транспортировка и хранение;880.3
2017-06-01;Строительство;520.4
2017-06-01;Водоснабжение;78.9
2017-06-01;Услуги ЖКХ;554.9
2017-06-01;Обрабатывающие производства;3262
2017-06-01;Добыча полезных ископаемых;1028.8
2017-06-01;Сельское хозяйство;191.5
2017-06-01;Розничная торговля;1187
2017-06-01;Оптовая торговля;2878.6
2017-06-01;Торговля автомобилями;417
2017-05-01;Спорт и досуг;17.3
2017-05-01;Здравоохранение;175.8
2017-05-01;Образование;40.7
2017-05-01;Все отрасли;11867.8
2017-05-01;Прочее;36.2
2017-05-01;Административная деятельность;86.1
2017-05-01;Научная и проф. деятельность;293.8
2017-05-01;Операции с недвижимостью;176.3
2017-05-01;ИТ и связь;248.2
2017-05-01;Гостиницы и общепит;87.6
2017-05-01;Транспортировка и хранение;848.8
2017-05-01;Строительство;441.9
2017-05-01;Водоснабжение;76.4
2017-05-01;Услуги ЖКХ;620.7
2017-05-01;Обрабатывающие производства;3085.2
2017-05-01;Добыча полезных ископаемых;1061.1
2017-05-01;Сельское хозяйство;200.6
2017-05-01;Розничная торговля;1161.1
2017-05-01;Оптовая торговля;2813.7
2017-05-01;Торговля автомобилями;396.3
2017-04-01;Спорт и досуг;14.9
2017-04-01;Здравоохранение;168.7
2017-04-01;Образование;43
2017-04-01;Все отрасли;11851.1
2017-04-01;Прочее;49.1
2017-04-01;Административная деятельность;76.1
2017-04-01;Научная и проф. деятельность;272.5
2017-04-01;Операции с недвижимостью;173
2017-04-01;ИТ и связь;253.6
2017-04-01;Гостиницы и общепит;82
2017-04-01;Транспортировка и хранение;833.9
2017-04-01;Строительство;410.2
2017-04-01;Водоснабжение;72
2017-04-01;Услуги ЖКХ;723.2
2017-04-01;Обрабатывающие производства;3015.1
2017-04-01;Добыча полезных ископаемых;1065.4
2017-04-01;Сельское хозяйство;209.5
2017-04-01;Розничная торговля;1129
2017-04-01;Оптовая торговля;2872.4
2017-04-01;Торговля автомобилями;387.5
2017-03-01;Спорт и досуг;18.356424
2017-03-01;Здравоохранение;171.98125
2017-03-01;Образование;43.749836
2017-03-01;Все отрасли;12449.342
2017-03-01;Прочее;33.066326
2017-03-01;Административная деятельность;87.094666
2017-03-01;Научная и проф. деятельность;284.4383
2017-03-01;Операции с недвижимостью;178.58734
2017-03-01;ИТ и связь;251.15196
2017-03-01;Гостиницы и общепит;82.90302
2017-03-01;Транспортировка и хранение;787.6747
2017-03-01;Строительство;416.74582
2017-03-01;Водоснабжение;68.56599
2017-03-01;Услуги ЖКХ;841.1435
2017-03-01;Обрабатывающие производства;3211.541
2017-03-01;Добыча полезных ископаемых;1105.1122
2017-03-01;Сельское хозяйство;217.90164
2017-03-01;Розничная торговля;1161.0566
2017-03-01;Оптовая торговля;3079.4766
2017-03-01;Торговля автомобилями;408.7946
2017-02-01;Спорт и досуг;14.4
2017-02-01;Здравоохранение;166
2017-02-01;Образование;42.2
2017-02-01;Все отрасли;10839.3
2017-02-01;Прочее;31
2017-02-01;Административная деятельность;62.1
2017-02-01;Научная и проф. деятельность;183.9
2017-02-01;Операции с недвижимостью;153.2
2017-02-01;ИТ и связь;201.5
2017-02-01;Гостиницы и общепит;62.2
2017-02-01;Транспортировка и хранение;796.4
2017-02-01;Строительство;294.8
2017-02-01;Водоснабжение;61.8
2017-02-01;Услуги ЖКХ;858.1
2017-02-01;Обрабатывающие производства;2698.7
2017-02-01;Добыча полезных ископаемых;1054.8
2017-02-01;Сельское хозяйство;195
2017-02-01;Розничная торговля;1047.2
2017-02-01;Оптовая торговля;2606.3
2017-02-01;Торговля автомобилями;309.7
2017-01-01;Спорт и досуг;14.2
2017-01-01;Здравоохранение;123
2017-01-01;Образование;38.2
2017-01-01;Все отрасли;11044.9
2017-01-01;Прочее;26.7
2017-01-01;Административная деятельность;61.4
2017-01-01;Научная и проф. деятельность;502.5
2017-01-01;Операции с недвижимостью;158.2
2017-01-01;ИТ и связь;245.2
2017-01-01;Гостиницы и общепит;63.2
2017-01-01;Транспортировка и хранение;755.3
2017-01-01;Строительство;295.2
2017-01-01;Водоснабжение;63.9
2017-01-01;Услуги ЖКХ;882.3
2017-01-01;Обрабатывающие производства;2575.7
2017-01-01;Добыча полезных ископаемых;1141
2017-01-01;Сельское хозяйство;181.2
2017-01-01;Розничная торговля;1140.1
2017-01-01;Оптовая торговля;2541.7
2017-01-01;Торговля автомобилями;235.9
2017-09-01;Строительство;641.3
2017-09-01;Водоснабжение;91.3
2017-09-01;Услуги ЖКХ;636.4
2017-09-01;Обрабатывающие производства;3488.5
2017-09-01;Добыча полезных ископаемых;1137.9
2017-09-01;Сельское хозяйство;258.7
2017-09-01;Розничная торговля;1192.8
2017-09-01;Оптовая торговля;3311.1
2017-09-01;Торговля автомобилями;457
2017-08-01;Спорт и досуг;17.1
2017-09-01;Образование;51.1
2017-09-01;Все отрасли;13554.8
2017-09-01;Прочее;38.2
2017-09-01;Административная деятельность;115.8
2017-09-01;Научная и проф. деятельность;389.2
2017-09-01;Операции с недвижимостью;190.3
2017-09-01;ИТ и связь;303.7
2017-09-01;Гостиницы и общепит;97.8
2017-09-01;Транспортировка и хранение;960.1
